Name,Chipset,Memory,Core Clock,Boost Clock,Length,Rating,Rating Count,Price,Component
 MSI GeForce RTX 3060 Ventus 2X 12G  ,GeForce RTX 3060 12GB,12.0,1320 MHz,1777 MHz,235 mm,5,26,309.99,GPU
 Gigabyte WINDFORCE OC  ,GeForce RTX 4070,12.0,1920 MHz,2490 MHz,261 mm,5,18,549.99,GPU
 Asus DUAL OC  ,GeForce RTX 4060,8.0,1830 MHz,2535 MHz,227 mm,5,4,304.99,GPU
 Asus ROG STRIX GAMING OC  ,GeForce RTX 4090,24.0,2235 MHz,2640 MHz,358 mm,5,8,2423.9,GPU
 PNY VCNRTX6000ADA-PB  ,RTX 6000 Ada Generation,48.0,915 MHz,2505 MHz,267 mm,0,0,9999.0,GPU
 Gigabyte GAMING OC  ,Radeon RX 7800 XT,16.0,1295 MHz,2565 MHz,302 mm,5,12,636.26,GPU
 Gigabyte WINDFORCE OC  ,GeForce RTX 4070 Ti SUPER,16.0,2340 MHz,2625 MHz,261 mm,5,1,799.99,GPU
 XFX Speedster SWFT 309  ,Radeon RX 6700 XT,12.0,2321 MHz,2581 MHz,304 mm,5,20,329.99,GPU
 Gigabyte EAGLE  ,GeForce RTX 4060 Ti,8.0,2310 MHz,,272 mm,5,3,391.43,GPU
 ASRock Challenger D  ,Radeon RX 6600,8.0,1626 MHz,,269 mm,5,16,199.99,GPU
 Gigabyte WINDFORCE OC  ,GeForce RTX 4070 SUPER,12.0,1980 MHz,2505 MHz,261 mm,0,0,599.99,GPU
 MSI VENTUS 2X BLACK OC  ,GeForce RTX 4060,8.0,1830 MHz,2505 MHz,199 mm,0,0,294.0,GPU
 NVIDIA Founders Edition  ,GeForce RTX 4090,24.0,2230 MHz,2520 MHz,304 mm,5,27,2164.94,GPU
 Gigabyte AERO OC  ,GeForce RTX 4060,8.0,1830 MHz,,281 mm,5,4,324.99,GPU
 Asus DUAL  ,GeForce RTX 4070 SUPER,12.0,1980 MHz,2505 MHz,267 mm,5,3,599.99,GPU
 XFX GTR XXX  ,Radeon RX 580,8.0,1366 MHz,1386 MHz,270 mm,5,33,139.99,GPU
 MSI RTX 3060 Ventus 3X 12G OC  ,GeForce RTX 3060 12GB,12.0,1320 MHz,1807 MHz,316 mm,5,18,299.99,GPU
 Sapphire PULSE  ,Radeon RX 7800 XT,16.0,1295 MHz,,280 mm,5,17,499.99,GPU
 PowerColor Fighter  ,Radeon RX 6600,8.0,1626 MHz,2491 MHz,200 mm,5,7,199.99,GPU
 XFX Speedster MERC 310 Black Edition  ,Radeon RX 7900 XTX,24.0,2300 MHz,2615 MHz,344 mm,5,31,929.99,GPU
 Asus DUAL OC  ,GeForce RTX 4070,12.0,2520 MHz,2550 MHz,267 mm,5,9,569.99,GPU
 Asus ROG STRIX GAMING OC  ,GeForce RTX 4090,24.0,2235 MHz,2640 MHz,358 mm,5,6,2389.0,GPU
 Sapphire PULSE  ,Radeon RX 7900 XT,20.0,2000 MHz,2450 MHz,313 mm,5,4,699.99,GPU
 Gigabyte EAGLE  ,Radeon RX 6600,8.0,1626 MHz,2491 MHz,282 mm,5,12,160.0,GPU
 Asus ROG Matrix Platinum  ,GeForce RTX 4090,24.0,2670 MHz,2700 MHz,286 mm,0,0,4595.0,GPU
 Asus DUAL OC  ,GeForce RTX 4070 SUPER,12.0,1980 MHz,2550 MHz,267 mm,5,5,609.99,GPU
 Gigabyte WINDFORCE OC  ,GeForce RTX 4060,8.0,1830 MHz,,192 mm,5,1,299.99,GPU
 XFX Speedster SWFT 319  ,Radeon RX 6800,16.0,1700 MHz,2105 MHz,340 mm,5,8,390.63,GPU
 Asus DUAL OC  ,GeForce RTX 4070,12.0,2520 MHz,2550 MHz,267 mm,4,10,539.99,GPU
 Sapphire PURE  ,Radeon RX 7800 XT,16.0,1295 MHz,2475 MHz,320 mm,5,10,539.99,GPU
 Asus TUF GAMING  ,GeForce RTX 4080 SUPER,16.0,2210 MHz,2580 MHz,348 mm,0,0,1384.41,GPU
 Asus Dual GeForce RTX 3060 V2 OC Edition  ,GeForce RTX 3060 12GB,12.0,1320 MHz,1867 MHz,200 mm,5,4,299.99,GPU
 MSI VENTUS 3X OC  ,GeForce RTX 4080 SUPER,16.0,2210 MHz,2595 MHz,322 mm,5,2,1059.99,GPU
 Asus TUF GAMING  ,GeForce RTX 4070 Ti SUPER,16.0,2340 MHz,2640 MHz,305 mm,5,1,1103.86,GPU
 XFX Speedster SWFT 210 Core  ,Radeon RX 6650 XT,8.0,2055 MHz,2635 MHz,241 mm,5,2,239.99,GPU
 Gigabyte GAMING OC  ,GeForce RTX 4090,24.0,2235 MHz,,340 mm,5,25,2184.98,GPU
 Asus TUF GAMING OC  ,GeForce RTX 4090,24.0,2235 MHz,2595 MHz,348 mm,5,12,2099.98,GPU
 Asus TUF GAMING OC  ,GeForce RTX 4070 Ti,12.0,2310 MHz,2760 MHz,305 mm,5,16,958.95,GPU
 Gigabyte WINDFORCE V2  ,GeForce RTX 4080 SUPER,16.0,2210 MHz,2550 MHz,330 mm,5,1,1279.99,GPU
 Asus DUAL OC  ,GeForce RTX 3060 12GB,12.0,1320 MHz,1867 MHz,200 mm,0,0,289.99,GPU
 Gigabyte AERO OC  ,GeForce RTX 4070 SUPER,12.0,1980 MHz,2565 MHz,300 mm,5,1,679.99,GPU
 NVIDIA Founders Edition  ,GeForce RTX 4070,12.0,1920 MHz,2480 MHz,244 mm,5,12,719.99,GPU
 Sapphire NITRO+  ,Radeon RX 7900 XTX,24.0,2300 MHz,2680 MHz,320 mm,5,27,1059.99,GPU
 MSI VENTUS 2X BLACK OC  ,GeForce RTX 4060 Ti,16.0,2310 MHz,2625 MHz,199 mm,0,0,493.05,GPU
 NVIDIA Founders Edition  ,GeForce RTX 3060 Ti,8.0,1410 MHz,1670 MHz,242 mm,5,60,589.99,GPU
 Gigabyte GAMING OC  ,Radeon RX 7700 XT,12.0,1700 MHz,2599 MHz,302 mm,5,3,419.0,GPU
 XFX Speedster MERC 310 Black Edition  ,Radeon RX 7900 XT,20.0,2000 MHz,2560 MHz,344 mm,5,14,719.99,GPU
 Gigabyte GAMING OC Rev 2.0  ,GeForce RTX 3070 LHR,8.0,1500 MHz,1815 MHz,286 mm,5,10,330.0,GPU
 Gigabyte GAMING OC  ,GeForce RTX 4080 SUPER,16.0,2210 MHz,2595 MHz,342 mm,5,1,1129.99,GPU
 Asus TUF GAMING OC  ,GeForce RTX 4070 Ti SUPER,16.0,2340 MHz,2670 MHz,305 mm,5,1,849.99,GPU
 Gigabyte GAMING OC  ,Radeon RX 7600 XT,16.0,1720 MHz,,281 mm,0,0,329.99,GPU
 XFX Speedster SWFT 210  ,Radeon RX 6600,8.0,1626 MHz,2491 MHz,241 mm,5,26,209.99,GPU
 Sapphire PULSE  ,Radeon RX 7600,8.0,1720 MHz,2755 MHz,240 mm,5,6,269.99,GPU
 Zotac GAMING Trinity  ,GeForce RTX 4070 Ti SUPER,16.0,2340 MHz,2610 MHz,307 mm,4,1,799.99,GPU
 Sapphire NITRO+  ,Radeon RX 7800 XT,16.0,1295 MHz,,320 mm,5,12,569.99,GPU
 Asus DUAL OC  ,GeForce RTX 4060 Ti,8.0,2310 MHz,2595 MHz,227 mm,5,2,384.99,GPU
 PowerColor Hellhound OC  ,Radeon RX 7800 XT,16.0,1295 MHz,2520 MHz,322 mm,5,11,529.99,GPU
 Gigabyte AERO OC  ,GeForce RTX 4060 Ti,8.0,2310 MHz,,281 mm,5,3,427.99,GPU
 Sapphire PULSE  ,Radeon RX 7900 XTX,24.0,2300 MHz,2525 MHz,313 mm,5,10,959.99,GPU
 XFX Speedster QICK 319 Core  ,Radeon RX 7800 XT,16.0,1295 MHz,2430 MHz,335 mm,5,2,499.99,GPU
 Asus ROG STRIX GAMING OC  ,GeForce RTX 4080 SUPER,16.0,2210 MHz,2670 MHz,358 mm,0,0,1620.0,GPU
 MSI VENTUS 2X XS OC  ,GeForce RTX 3050 8GB,8.0,1550 MHz,1807 MHz,205 mm,0,0,219.99,GPU
 PowerColor Fighter  ,Radeon RX 6650 XT,8.0,2055 MHz,2635 MHz,200 mm,5,3,239.99,GPU
 Gigabyte EAGLE OC  ,GeForce RTX 4060,8.0,1830 MHz,,272 mm,4,1,309.99,GPU
 Zotac GAMING Trinity OC  ,GeForce RTX 4070 Ti SUPER,16.0,2340 MHz,2625 MHz,307 mm,0,0,829.99,GPU
 ASRock Phantom Gaming OC  ,Radeon RX 7900 XTX,24.0,2300 MHz,2615 MHz,330 mm,5,4,939.99,GPU
 ASRock Taichi OC  ,Radeon RX 7900 XTX,24.0,2300 MHz,2680 MHz,345 mm,5,3,1029.99,GPU
 PowerColor Hellhound  ,Radeon RX 7900 XTX,24.0,2300 MHz,2525 MHz,320 mm,5,12,909.99,GPU
 Asus TUF GAMING OC  ,Radeon RX 7800 XT,16.0,1295 MHz,2565 MHz,320 mm,5,1,509.99,GPU
 XFX Speedster SWFT 210  ,Radeon RX 7600 XT,16.0,1720 MHz,2755 MHz,272 mm,0,0,329.99,GPU
 MSI VENTUS 3X OC  ,GeForce RTX 4080,16.0,2205 MHz,,322 mm,4,7,1200.99,GPU
 Gigabyte WINDFORCE OC  ,GeForce RTX 4070 Ti,12.0,2310 MHz,2625 MHz,261 mm,4,2,729.99,GPU
 XFX Speedster QICK 319 Core  ,Radeon RX 6750 XT,12.0,2150 MHz,2600 MHz,323 mm,5,6,340.99,GPU
 Asus ROG STRIX GAMING OC  ,GeForce RTX 4080 SUPER,16.0,2210 MHz,2670 MHz,358 mm,5,1,1249.99,GPU
 NVIDIA Founders Edition  ,GeForce RTX 4080,16.0,2210 MHz,2510 MHz,304 mm,5,21,1399.99,GPU
 MSI VENTUS 2X OC  ,GeForce RTX 4060,8.0,1830 MHz,2505 MHz,199 mm,0,0,299.99,GPU
 Gigabyte AERO OC  ,GeForce RTX 4090,24.0,2520 MHz,2535 MHz,342 mm,5,11,1849.99,GPU
 Zotac GAMING Twin Edge OC  ,GeForce RTX 4060,8.0,1830 MHz,2490 MHz,221 mm,5,1,319.99,GPU
 MSI GAMING X SLIM  ,GeForce RTX 4070 SUPER,12.0,1980 MHz,2655 MHz,307 mm,5,1,649.99,GPU
 Zotac Twin Edge  ,GeForce RTX 4070 SUPER,12.0,1980 MHz,2475 MHz,234 mm,0,0,589.99,GPU
 XFX Speedster SWFT 210 Core  ,Radeon RX 7600,8.0,1875 MHz,2655 MHz,241 mm,4,2,259.99,GPU
 MSI VENTUS 3X OC  ,GeForce RTX 4070 SUPER,12.0,1980 MHz,2520 MHz,308 mm,5,3,629.99,GPU
 MSI GAMING X SLIM  ,GeForce RTX 4070 Ti SUPER,16.0,2340 MHz,2685 MHz,307 mm,5,1,869.99,GPU
 Gigabyte GAMING OC  ,GeForce RTX 4060,8.0,1830 MHz,,281 mm,5,1,314.99,GPU
 Asus TUF GAMING OC  ,GeForce RTX 4070,12.0,2550 MHz,2580 MHz,301 mm,5,8,649.0,GPU
 Intel Limited Edition  ,Arc A750,8.0,2050 MHz,,250 mm,5,12,239.99,GPU
 ASRock Challenger OC  ,Radeon RX 7800 XT,16.0,1295 MHz,2475 MHz,267 mm,5,2,489.99,GPU
 Asus DUAL OC  ,GeForce RTX 3050 6GB,6.0,1040 MHz,1537 MHz,201 mm,0,0,179.99,GPU
 MSI GAMING X SLIM  ,GeForce RTX 4090,24.0,2235 MHz,2610 MHz,322 mm,5,1,2144.98,GPU
 MSI SUPRIM LIQUID X  ,GeForce RTX 4090,24.0,2235 MHz,,280 mm,5,13,2093.89,GPU
 EVGA FTW3 ULTRA GAMING  ,GeForce RTX 3080 10GB,10.0,1440 MHz,1800 MHz,300 mm,5,72,859.99,GPU
 ASRock Challenger OC  ,Radeon RX 7700 XT,12.0,1700 MHz,2854 MHz,266 mm,5,1,409.99,GPU
 MSI VENTUS 3X OC  ,GeForce RTX 4070 Ti SUPER,16.0,2340 MHz,2655 MHz,308 mm,0,0,829.99,GPU
 Gigabyte GAMING OC Rev 2.0  ,GeForce RTX 3060 12GB,12.0,1320 MHz,1837 MHz,282 mm,4,9,384.41,GPU
 Gigabyte AERO OC V2  ,GeForce RTX 4070 Ti,12.0,2310 MHz,2640 MHz,300 mm,5,5,719.99,GPU
 Gigabyte GAMING OC  ,Radeon RX 7600,8.0,1720 MHz,2755 MHz,282 mm,5,3,269.99,GPU
 Gigabyte WINDFORCE OC  ,GeForce RTX 4060 Ti,16.0,2310 MHz,2565 MHz,201 mm,0,0,429.99,GPU
 MSI GeForce RTX 2060 VENTUS GP OC  ,GeForce RTX 2060,6.0,1365 MHz,1710 MHz,231 mm,5,7,286.64,GPU
 PowerColor Hellhound  ,Radeon RX 7900 XT,20.0,2000 MHz,2500 MHz,320 mm,5,5,749.99,GPU
 MSI VENTUS 2X OC  ,GeForce RTX 4070 SUPER,12.0,1980 MHz,2520 MHz,242 mm,0,0,599.99,GPU
 Sapphire 21330-01-20G  ,Radeon RX 7800 XT,16.0,1295 MHz,,267 mm,4,5,489.99,GPU
 MSI VENTUS 3X OC  ,GeForce RTX 4060 Ti,16.0,2310 MHz,2625 MHz,308 mm,0,0,419.99,GPU
 Gigabyte AERO OC  ,GeForce RTX 4060 Ti,16.0,2310 MHz,2595 MHz,281 mm,5,2,499.99,GPU
 ASRock Challenger  ,Radeon RX 6600,8.0,1626 MHz,2491 MHz,269 mm,5,1,209.99,GPU
 Asus TUF GAMING OC  ,GeForce GTX 1660 SUPER,6.0,1530 MHz,1845 MHz,206 mm,5,19,329.99,GPU
 MSI VENTUS 2X BLACK OC  ,GeForce RTX 4060 Ti,8.0,2310 MHz,,199 mm,0,0,399.99,GPU
 PowerColor Fighter  ,Radeon RX 7600 XT,16.0,1720 MHz,2755 MHz,217 mm,0,0,329.99,GPU
 MSI VENTUS 2X OC  ,GeForce RTX 4070 Ti SUPER,16.0,2340 MHz,2655 MHz,242 mm,0,0,1031.39,GPU
 XFX Speedster MERC 319 Black  ,Radeon RX 7800 XT,16.0,1295 MHz,2565 MHz,326 mm,5,2,509.99,GPU
 Asus ROG STRIX GAMING OC  ,GeForce RTX 4070 Ti SUPER,16.0,2340 MHz,2700 MHz,336 mm,0,0,1249.81,GPU
 Gigabyte AERO OC  ,GeForce RTX 4080 SUPER,16.0,2210 MHz,2595 MHz,342 mm,5,1,1189.99,GPU
 PowerColor Hellhound Spectral  ,Radeon RX 7900 XTX,24.0,2300 MHz,2525 MHz,338 mm,5,4,1299.0,GPU
 PNY VERTO OC  ,GeForce RTX 4070 Ti SUPER,16.0,2340 MHz,2625 MHz,305 mm,5,1,799.99,GPU
 Gigabyte EAGLE OC  ,GeForce RTX 4070 Ti SUPER,16.0,2340 MHz,2640 MHz,261 mm,5,1,829.99,GPU
 Asus TUF Gaming OG OC  ,GeForce RTX 4090,24.0,2235 MHz,2595 MHz,326 mm,0,0,1819.99,GPU
 Acer Predator BiFrost OC  ,Arc A770,16.0,2200 MHz,2400 MHz,267 mm,5,2,379.99,GPU
 ASRock Steel Legend OC  ,Radeon RX 7800 XT,16.0,1295 MHz,2520 MHz,304 mm,5,5,684.84,GPU
 MSI VENTUS 2X OC  ,GeForce RTX 4070 SUPER,12.0,1980 MHz,2520 MHz,242 mm,5,1,619.99,GPU
 MSI VENTUS XS OC  ,GeForce GTX 1660 SUPER,6.0,1530 MHz,1815 MHz,204 mm,5,33,309.99,GPU
 NVIDIA Founders Edition  ,GeForce RTX 3080 Ti,12.0,1370 MHz,1670 MHz,285 mm,5,20,1089.99,GPU
 Asus TUF GAMING OC  ,Radeon RX 7900 XTX,24.0,2300 MHz,2615 MHz,353 mm,5,3,1079.99,GPU
 ASRock Phantom Gaming OC  ,Radeon RX 7900 XT,20.0,2000 MHz,2450 MHz,330 mm,4,2,699.99,GPU
 MSI GAMING X SLIM  ,GeForce RTX 4070,12.0,1920 MHz,2625 MHz,307 mm,5,2,529.99,GPU
 NVIDIA 9001G4112520001  ,GeForce GTX 1070,8.0,1506 MHz,1683 MHz,267 mm,5,39,229.99,GPU
 Asus TUF GAMING OC  ,GeForce RTX 4070 Ti,12.0,2310 MHz,2760 MHz,305 mm,5,1,859.99,GPU
 ASRock Phantom Gaming D OC  ,Radeon RX 6800 XT,16.0,1825 MHz,,330 mm,4,15,459.99,GPU
 EVGA FTW3 ULTRA GAMING  ,GeForce RTX 3090,24.0,1395 MHz,1800 MHz,300 mm,5,33,1279.99,GPU
 XFX Speedster QICK 319 BLACK  ,Radeon RX 7700 XT,12.0,1700 MHz,2599 MHz,335 mm,4,2,419.0,GPU
 ASRock Phantom Gaming D OC  ,Radeon RX 6500 XT,4.0,2365 MHz,2820 MHz,240 mm,0,0,139.99,GPU
 Sapphire PULSE  ,Radeon RX 6600,8.0,1626 MHz,2491 MHz,193 mm,5,13,209.99,GPU
 XFX Speedster MERC 310  ,Radeon RX 7900 XT,20.0,2000 MHz,2535 MHz,344 mm,5,6,719.99,GPU
 Asus Phoenix OC  ,GeForce GTX 1650 G6,4.0,1410 MHz,1665 MHz,178 mm,5,6,160.0,GPU
 MSI GeForce RTX 3080 VENTUS 3X 10G OC  ,GeForce RTX 3080 10GB,10.0,1440 MHz,,305 mm,5,23,879.99,GPU
 Asus DUAL OC  ,GeForce RTX 4070 SUPER,12.0,1980 MHz,2550 MHz,267 mm,5,1,614.99,GPU
 MSI RTX 4090 GAMING SLIM 24G  ,GeForce RTX 4090,24.0,2235 MHz,2535 MHz,322 mm,0,0,1799.99,GPU
 Gigabyte GAMING OC  ,Radeon RX 7900 GRE,16.0,1270 MHz,2391 MHz,302 mm,0,0,549.99,GPU
 MSI GAMING X  ,GeForce RTX 4060,8.0,1830 MHz,2610 MHz,247 mm,5,2,299.99,GPU
 MSI GAMING X TRIO  ,GeForce RTX 4090,24.0,2235 MHz,,337 mm,5,12,2099.98,GPU
 Gigabyte GAMING OC  ,GeForce RTX 4070 Ti SUPER,16.0,2340 MHz,2655 MHz,300 mm,0,0,829.99,GPU
 PowerColor Hellhound Spectral  ,Radeon RX 7800 XT,16.0,1295 MHz,2520 MHz,322 mm,5,3,579.99,GPU
 MSI VENTUS 3X OC  ,GeForce RTX 4060 Ti,8.0,2310 MHz,,308 mm,5,1,394.99,GPU
 Zotac GAMING Trinity  ,GeForce RTX 4080 SUPER,16.0,2210 MHz,2550 MHz,307 mm,5,1,1378.0,GPU
 PowerColor Fighter  ,Radeon RX 6700 XT,12.0,2321 MHz,2581 MHz,228 mm,5,11,349.99,GPU
 MSI VENTUS 2X OC  ,GeForce RTX 4070,12.0,1920 MHz,2520 MHz,242 mm,4,3,549.99,GPU
 ASRock Steel Legend OC  ,Radeon RX 7600 XT,16.0,1720 MHz,2810 MHz,304 mm,0,0,463.99,GPU
 Sapphire PULSE  ,Radeon RX 7700 XT,12.0,1700 MHz,2544 MHz,280 mm,0,0,399.99,GPU
 PNY VERTO OC  ,GeForce RTX 4080 SUPER,16.0,2210 MHz,2565 MHz,340 mm,4,1,1209.99,GPU
 Zotac GAMING Twin Edge  ,GeForce RTX 3060 12GB,12.0,1320 MHz,1777 MHz,224 mm,5,4,357.48,GPU
 MSI EXPERT  ,GeForce RTX 4080 SUPER,16.0,2210 MHz,2625 MHz,312 mm,5,1,1169.99,GPU
 Asus DUAL OC  ,Radeon RX 7600 XT,16.0,1720 MHz,2801 MHz,227 mm,0,0,324.99,GPU
 MSI GAMING TRIO CLASSIC  ,Radeon RX 7900 XTX,24.0,2300 MHz,2500 MHz,325 mm,5,5,1029.99,GPU
 XFX Speedster MERC 319 CORE  ,Radeon RX 6800 XT,16.0,1825 MHz,2250 MHz,340 mm,5,29,699.99,GPU
 Gigabyte OC Low Profile  ,GeForce RTX 4060,8.0,1830 MHz,2475 MHz,182 mm,0,0,319.99,GPU
 Gigabyte GAMING OC  ,GeForce RTX 4070 SUPER,12.0,1980 MHz,2565 MHz,300 mm,5,1,649.99,GPU
 Sapphire PURE  ,Radeon RX 7700 XT,12.0,1700 MHz,2584 MHz,320 mm,0,0,449.99,GPU
 Gigabyte GAMING OC  ,GeForce RTX 4060 Ti,16.0,2310 MHz,2595 MHz,281 mm,0,0,479.99,GPU
 MSI VENTUS 3X OC  ,GeForce RTX 4070 Ti,12.0,2310 MHz,2655 MHz,308 mm,5,10,785.56,GPU
 PowerColor Red Devil  ,Radeon RX 7900 XTX,24.0,2300 MHz,2565 MHz,338 mm,5,10,969.99,GPU
 ASRock Challenger OC  ,Arc A580,8.0,1700 MHz,2000 MHz,271 mm,0,0,164.99,GPU
 Gigabyte GAMING OC  ,Radeon RX 7900 XTX,24.0,2300 MHz,2525 MHz,331 mm,5,6,979.99,GPU
 Asus ROG STRIX GAMING  ,GeForce RTX 4090,24.0,2235 MHz,2550 MHz,358 mm,0,0,2279.0,GPU
 Asus TUF GAMING OC  ,GeForce RTX 4080 SUPER,16.0,2210 MHz,2640 MHz,348 mm,0,0,1359.99,GPU
 XFX Speedster QICK 308 Black  ,Radeon RX 7600,8.0,1875 MHz,2755 MHz,272 mm,5,1,269.99,GPU
 Sapphire PULSE  ,Radeon RX 550 - 512,4.0,1100 MHz,1206 MHz,158 mm,4,5,74.99,GPU
 MSI GT 710 2GD3H LP  ,GeForce GT 710,2.0,954 MHz,954 MHz,146 mm,3,4,63.87,GPU
 Asus STRIX GAMING  ,GeForce GTX 1080 Ti,11.0,1493 MHz,1632 MHz,298 mm,5,34,699.0,GPU
 MSI SUPRIM X  ,GeForce RTX 4090,24.0,2235 MHz,,336 mm,5,15,2099.99,GPU
 EVGA FTW3 ULTRA GAMING  ,GeForce RTX 3070 Ti,8.0,1575 MHz,1860 MHz,300 mm,5,28,739.99,GPU
 Gigabyte EAGLE OC  ,GeForce RTX 3070,8.0,1500 MHz,1770 MHz,282 mm,5,6,449.99,GPU
 MSI VENTUS 2X OC  ,GeForce RTX 4070 Ti SUPER,16.0,2340 MHz,2655 MHz,242 mm,0,0,839.99,GPU
 MSI GTX 1050 Ti 4GT OC  ,GeForce GTX 1050 Ti,4.0,1341 MHz,1455 MHz,215 mm,5,25,263.89,GPU
 Sapphire PULSE  ,Radeon RX 7600 XT,16.0,1720 MHz,2810 MHz,250 mm,0,0,339.99,GPU
 Zotac GAMING Twin Edge OC  ,GeForce RTX 3060 12GB,12.0,1320 MHz,1807 MHz,224 mm,5,16,349.99,GPU
 MSI GAMING X SLIM  ,GeForce RTX 4080,16.0,2205 MHz,2610 MHz,322 mm,0,0,1119.99,GPU
 XFX Speedster SWFT 319 Core  ,Radeon RX 6800,16.0,1700 MHz,2105 MHz,340 mm,4,1,379.99,GPU
 Asus DUAL OC  ,GeForce RTX 4060,8.0,1830 MHz,2535 MHz,227 mm,0,0,309.99,GPU
 Asus TUF GAMING OC  ,GeForce RTX 4070 SUPER,12.0,1980 MHz,2595 MHz,301 mm,4,1,680.0,GPU
 Asus ROG STRIX OC EVA-02  ,GeForce RTX 4090,24.0,2235 MHz,2640 MHz,358 mm,5,1,4110.41,GPU
 MSI Ventus XS OCV1  ,GeForce GTX 1650 G6,4.0,1410 MHz,1620 MHz,179 mm,3,1,208.92,GPU
 Gigabyte WINDFORCE OC  ,GeForce RTX 3060 12GB,12.0,1320 MHz,1792 MHz,198 mm,4,1,478.0,GPU
 MSI GeForce RTX 2070 SUPER VENTUS GP OC  ,GeForce RTX 2070 SUPER,8.0,1605 MHz,1785 MHz,258 mm,5,3,679.0,GPU
 Asus DUAL V2  ,Radeon RX 6600,8.0,1626 MHz,2491 MHz,243 mm,0,0,229.99,GPU
 Asus DUAL OC  ,GeForce RTX 4060 Ti,8.0,2310 MHz,2595 MHz,227 mm,5,1,409.99,GPU
 Zotac GAMING Trinity OC  ,GeForce RTX 4080 SUPER,16.0,2210 MHz,2565 MHz,307 mm,5,1,1329.99,GPU
 Zotac GAMING SOLO  ,GeForce RTX 4060,8.0,1830 MHz,2460 MHz,163 mm,4,2,339.39,GPU
 Gigabyte GAMING OC  ,GeForce RTX 3070,8.0,1500 MHz,1815 MHz,286 mm,5,32,619.9,GPU
 MSI GAMING X SLIM  ,GeForce RTX 4060 Ti,16.0,2310 MHz,2685 MHz,307 mm,0,0,519.99,GPU
 Asus DUAL OC  ,Radeon RX 7800 XT,16.0,1295 MHz,2520 MHz,280 mm,5,1,494.99,GPU
 MSI VENTUS 3X E OC  ,GeForce RTX 4070 Ti,12.0,2310 MHz,2655 MHz,308 mm,0,0,739.99,GPU
 MSI D6 VENTUS XS OCV3  ,GeForce GTX 1650 G6,4.0,1410 MHz,1620 MHz,179 mm,0,0,155.66,GPU
 Gigabyte AERO OC  ,GeForce RTX 4070,12.0,1920 MHz,2565 MHz,300 mm,5,12,679.99,GPU
 Sparkle TITAN OC  ,Arc A770,16.0,2100 MHz,2300 MHz,306 mm,5,2,309.99,GPU
 NVIDIA Founders Edition  ,GeForce RTX 3090 Ti,24.0,1560 MHz,1860 MHz,313 mm,4,5,1699.99,GPU
 ASRock Challenger Pro OC  ,Radeon RX 6750 XT,12.0,2150 MHz,2618 MHz,303 mm,5,13,349.99,GPU
 MSI MECH 2X OC  ,Radeon RX 6500 XT,4.0,2310 MHz,2825 MHz,172 mm,5,3,174.99,GPU
 Gigabyte AORUS XTREME WATERFORCE  ,GeForce RTX 4090,24.0,2235 MHz,,238 mm,5,1,2199.99,GPU
 Asus TUF GAMING OC  ,Radeon RX 7900 XT,20.0,2000 MHz,,353 mm,5,2,799.99,GPU
 Asus DUAL  ,GeForce RTX 4070,12.0,2475 MHz,2505 MHz,267 mm,5,4,589.99,GPU
 ASRock Challenger D OC  ,Radeon RX 6600 XT,8.0,1968 MHz,,269 mm,5,3,229.99,GPU
 Asus TUF GAMING  ,GeForce RTX 4070 Ti,12.0,2310 MHz,2640 MHz,305 mm,5,8,1075.97,GPU
 Asus TUF GAMING OC  ,GeForce RTX 4070 Ti SUPER,16.0,2340 MHz,2670 MHz,305 mm,5,1,1123.37,GPU
 PowerColor Fighter OC  ,Radeon RX 7800 XT,16.0,1295 MHz,2475 MHz,290 mm,5,1,499.99,GPU
 PNY RTX A-Series  ,RTX A6000,48.0,1455 MHz,1860 MHz,267 mm,0,0,4539.99,GPU
 EVGA XC ULTRA GAMING  ,GeForce GTX 1660 Ti,6.0,1500 MHz,1860 MHz,268 mm,5,2,210.0,GPU
 MSI VENTUS 2X OC  ,GeForce RTX 4070,12.0,1920 MHz,2520 MHz,242 mm,5,2,529.99,GPU
 Asus DUAL Advanced  ,GeForce RTX 4060 Ti,16.0,2310 MHz,2580 MHz,227 mm,5,1,475.73,GPU
 Asus ROG STRIX OC  ,GeForce RTX 4060,8.0,1830 MHz,2700 MHz,311 mm,4,1,369.99,GPU
 ASRock Intel Arc A380 Challenger ITX  ,Arc A380,6.0,2250 MHz,,190 mm,2,1,109.99,GPU
 Gigabyte AORUS MASTER  ,GeForce RTX 4080 SUPER,16.0,2210 MHz,2625 MHz,357 mm,4,1,1239.99,GPU
 Asus ROG STRIX GAMING OC  ,GeForce RTX 4080,16.0,2205 MHz,2655 MHz,358 mm,5,5,1669.0,GPU
 PNY VERTO  ,GeForce RTX 4070,12.0,1920 MHz,2475 MHz,247 mm,5,2,542.99,GPU
 MSI RX 6600 XT MECH 2X 8G OC  ,Radeon RX 6600 XT,8.0,1968 MHz,2602 MHz,235 mm,5,9,519.63,GPU
 Asus ROG STRIX GAMING OC  ,GeForce RTX 4070 Ti,12.0,2310 MHz,2790 MHz,336 mm,5,6,909.0,GPU
 MSI GAMING X  ,GeForce GTX 1660 SUPER,6.0,1530 MHz,1830 MHz,247 mm,5,36,294.95,GPU
 MSI VENTUS 2X OC  ,GeForce RTX 4070 Ti,12.0,2310 MHz,2655 MHz,242 mm,0,0,689.99,GPU
 XFX RX-79GMERCB9  ,Radeon RX 7900 GRE,16.0,1270 MHz,2395 MHz,335 mm,0,0,569.99,GPU
 Zotac GAMING Twin Edge OC  ,GeForce RTX 4070 SUPER,12.0,1980 MHz,2490 MHz,234 mm,0,0,589.99,GPU
 Gigabyte GAMING OC  ,GeForce RTX 4070 Ti,12.0,2310 MHz,2640 MHz,336 mm,5,7,819.99,GPU
 Asus TUF GAMING OC  ,GeForce RTX 3060 Ti,8.0,1410 MHz,1785 MHz,302 mm,5,2,599.0,GPU
 Palit Dual  ,GeForce RTX 4070 SUPER,12.0,1980 MHz,2475 MHz,269 mm,0,0,748.97,GPU
 Zotac GAMING Twin Fan  ,GeForce GTX 1660,6.0,1530 MHz,1785 MHz,216 mm,4,3,200.0,GPU
 ASRock Challenger OC  ,Arc A770,16.0,2100 MHz,2150 MHz,271 mm,0,0,279.99,GPU
 Gigabyte GAMING OC  ,Radeon RX 5700 XT,8.0,1650 MHz,1905 MHz,280 mm,5,83,499.0,GPU
 XFX Speedster QICK 319 Core  ,Radeon RX 6750 XT,12.0,2150 MHz,2600 MHz,323 mm,0,0,339.99,GPU
 PowerColor Red Devil OC  ,Radeon RX 7800 XT,16.0,1295 MHz,2565 MHz,332 mm,4,1,549.99,GPU
 MSI VENTUS 2X OC  ,GeForce RTX 3060 8GB,8.0,1320 MHz,1807 MHz,235 mm,5,1,269.99,GPU
 Gigabyte GAMING OC  ,GeForce RTX 4070,12.0,1920 MHz,2565 MHz,300 mm,5,6,569.99,GPU
 Gigabyte AORUS MASTER  ,GeForce RTX 4090,24.0,2235 MHz,,358 mm,4,4,2049.99,GPU
 Gigabyte AORUS ELITE  ,Radeon RX 6750 XT,12.0,2150 MHz,2623 MHz,296 mm,5,1,538.33,GPU
 PNY XLR8 Gaming VERTO EPIC-X RGB OC  ,GeForce RTX 4090,24.0,2230 MHz,2565 MHz,332 mm,5,2,1829.99,GPU
 ASRock Challenger OC  ,Radeon RX 7900 GRE,16.0,1270 MHz,2293 MHz,269 mm,0,0,549.99,GPU
 XFX Speedster QICK 309  ,Radeon RX 7600 XT,16.0,1720 MHz,2810 MHz,302 mm,0,0,349.99,GPU
 MSI GAMING X TRIO  ,GeForce RTX 4070,12.0,1920 MHz,,338 mm,5,2,559.99,GPU
 Asus TUF GAMING OC  ,Radeon RX 7600 XT,16.0,1720 MHz,2830 MHz,300 mm,0,0,379.99,GPU
 ASRock Steel Legend OC  ,Radeon RX 7600,8.0,1720 MHz,2725 MHz,303 mm,4,1,269.99,GPU
 PNY VERTO OC  ,GeForce RTX 4070 SUPER,12.0,1980 MHz,2490 MHz,247 mm,0,0,589.99,GPU
 Zotac GAMING Twin Edge  ,GeForce RTX 4060 Ti,8.0,2310 MHz,2535 MHz,226 mm,5,1,418.89,GPU
 MSI SUPRIM X  ,GeForce RTX 4080 SUPER,16.0,2210 MHz,2655 MHz,336 mm,5,1,1219.99,GPU
 Asus ProArt OC  ,GeForce RTX 4060 Ti,16.0,2310 MHz,2685 MHz,300 mm,5,2,509.99,GPU
 Asus ROG STRIX GAMING OC  ,GeForce RTX 4070 SUPER,12.0,1980 MHz,2670 MHz,339 mm,0,0,749.0,GPU
 Gigabyte OC  ,GeForce GTX 1660 Ti,6.0,1500 MHz,1800 MHz,226 mm,5,13,378.23,GPU
 Asus DUAL OC V2  ,Radeon RX 7600,8.0,1720 MHz,2715 MHz,245 mm,5,1,269.99,GPU
 Gigabyte EAGLE OC  ,GeForce RTX 4070 SUPER,12.0,1980 MHz,2535 MHz,261 mm,0,0,629.99,GPU
 MSI VENTUS 2X OC  ,GeForce RTX 3050 6GB,6.0,1040 MHz,1492 MHz,189 mm,0,0,169.99,GPU
 MSI GAMING X TRIO  ,GeForce RTX 4080,16.0,2205 MHz,2610 MHz,337 mm,5,6,1698.99,GPU
 MSI GAMING X SLIM  ,GeForce RTX 4070 Ti,12.0,2310 MHz,2745 MHz,307 mm,0,0,769.99,GPU
 PNY VERTO  ,GeForce RTX 4060,8.0,1830 MHz,2460 MHz,210 mm,4,1,299.99,GPU
 Asus GT1030-2G-CSM  ,GeForce GT 1030,2.0,1266 MHz,1506 MHz,173 mm,5,9,97.99,GPU
 EVGA FTW3 ULTRA GAMING LE iCX3  ,GeForce RTX 3080 Ti,12.0,1365 MHz,1800 MHz,300 mm,5,30,1199.99,GPU
 PowerColor Fighter OC  ,Radeon RX 7700 XT,12.0,1700 MHz,2584 MHz,290 mm,0,0,449.99,GPU
 Asus Phoenix GeForce RTX 3060 V2  ,GeForce RTX 3060 12GB,12.0,1320 MHz,1807 MHz,177 mm,5,1,299.99,GPU
 Asus GT730-4H-SL-2GD5  ,GeForce GT 730,2.0,902 MHz,927 MHz,148 mm,0,0,117.98,GPU
 Asus DUAL OC  ,GeForce RTX 3050 8GB,8.0,1550 MHz,1852 MHz,200 mm,4,1,528.7,GPU
 MSI RTX 3070 GAMING X TRIO  ,GeForce RTX 3070,8.0,1500 MHz,1830 MHz,323 mm,5,23,799.99,GPU
 PNY VERTO  ,GeForce RTX 4090,24.0,2235 MHz,2520 MHz,337 mm,4,2,1999.0,GPU
 MSI GAMING X SLIM  ,GeForce RTX 4070 SUPER,12.0,1980 MHz,2655 MHz,307 mm,5,1,862.9,GPU
 Gigabyte GAMING OC  ,GeForce RTX 3070 Ti,8.0,1575 MHz,1830 MHz,320 mm,5,12,779.9,GPU
 Asus TUF GAMING OC V2  ,GeForce RTX 3060 12GB,12.0,1320 MHz,1882 MHz,301 mm,5,5,379.0,GPU
 Gigabyte GAMING OC  ,GeForce RTX 4060 Ti,8.0,2310 MHz,,281 mm,0,0,419.99,GPU
 Asus DUAL OC  ,GeForce RTX 4060 Ti,16.0,2310 MHz,2625 MHz,227 mm,0,0,499.0,GPU
 Gigabyte GV-N1030D4-2GL  ,GeForce GT 1030 DDR4,2.0,1151 MHz,1417 MHz,150 mm,4,2,64.98,GPU
 Asus TUF GAMING OC  ,GeForce RTX 3070,8.0,1500 MHz,1845 MHz,300 mm,5,31,523.52,GPU
 EVGA XC GAMING  ,GeForce RTX 3060 12GB,12.0,1320 MHz,1882 MHz,202 mm,5,61,620.0,GPU
 MSI GAMING X  ,GeForce RTX 2060 SUPER,8.0,1470 MHz,1695 MHz,248 mm,5,48,549.0,GPU
 Asus TUF GAMING OC  ,GeForce GTX 1650 SUPER,4.0,1530 MHz,1800 MHz,206 mm,5,17,249.99,GPU
 Gigabyte Vision OC  ,GeForce RTX 3070,8.0,1500 MHz,1815 MHz,286 mm,5,27,495.0,GPU
 PowerColor Fighter  ,Radeon RX 6750 XT,12.0,2150 MHz,2600 MHz,230 mm,0,0,349.99,GPU
 Zotac Twin Edge  ,GeForce RTX 4070,12.0,1920 MHz,2475 MHz,226 mm,5,1,539.99,GPU
 ASRock Phantom Gaming OC  ,Arc A770,16.0,2100 MHz,,305 mm,0,0,299.99,GPU
 Asus STRIX GAMING OC  ,GeForce RTX 2080 Ti,11.0,1350 MHz,1665 MHz,305 mm,5,49,979.0,GPU
 ASRock Taichi OC  ,Radeon RX 7900 XTX,24.0,2300 MHz,2680 MHz,345 mm,5,4,1230.33,GPU
 Asus Phoenix  ,GeForce RTX 3050 8GB,8.0,1550 MHz,1807 MHz,177 mm,5,1,257.98,GPU
 Gigabyte EAGLE OC  ,GeForce RTX 3050 6GB,6.0,1040 MHz,1500 MHz,192 mm,0,0,247.91,GPU
 MSI GAMING X TRIO  ,GeForce RTX 4070 Ti,12.0,2310 MHz,2760 MHz,337 mm,5,7,979.0,GPU
 Zotac GAMING Twin Edge OC  ,GeForce RTX 4070,12.0,1920 MHz,2490 MHz,226 mm,5,1,554.99,GPU
 Asus DUAL OC  ,GeForce RTX 3060 Ti,8.0,1410 MHz,1710 MHz,230 mm,5,6,569.99,GPU
 Asus ROG STRIX GAMING  ,GeForce RTX 4080 SUPER,16.0,2210 MHz,2580 MHz,358 mm,0,0,1569.99,GPU
 Zotac Trinity Black Edition  ,GeForce RTX 4070 SUPER,12.0,1980 MHz,2475 MHz,307 mm,0,0,619.99,GPU
 Asus ROG STRIX GAMING OC  ,GeForce RTX 4080,16.0,2205 MHz,2655 MHz,358 mm,5,3,1879.05,GPU
 MSI GeForce GTX 1650 SUPER  ,GeForce GTX 1650 SUPER,4.0,1530 MHz,1755 MHz,248 mm,5,22,299.95,GPU
 Sparkle ORC OC  ,Arc A750,8.0,2050 MHz,2200 MHz,222 mm,5,1,209.99,GPU
 MSI GT 710 1GD3H LP  ,GeForce GT 710,1.0,954 MHz,,146 mm,4,11,54.56,GPU
 Sapphire NITRO+  ,Radeon RX 7900 XT,20.0,2000 MHz,2560 MHz,320 mm,5,5,961.44,GPU
 ASRock Steel Legend OC  ,Radeon RX 7900 GRE,16.0,1270 MHz,2333 MHz,304 mm,5,1,559.99,GPU
 Zotac Twin Edge OC  ,GeForce RTX 4060,8.0,1830 MHz,2475 MHz,221 mm,0,0,299.99,GPU
 EVGA XC3 ULTRA GAMING  ,GeForce RTX 3070,8.0,1500 MHz,1770 MHz,285 mm,5,49,749.99,GPU
 ASRock Challenger D OC  ,Radeon RX 5700 XT,8.0,1650 MHz,1905 MHz,281 mm,4,5,376.55,GPU
 ASRock Low Profile  ,Arc A380,6.0,2000 MHz,,169 mm,0,0,119.99,GPU
 Asus STRIX GAMING OC  ,GeForce RTX 3090,24.0,1395 MHz,1890 MHz,318 mm,5,17,1456.12,GPU
 NVIDIA Founders Edition  ,GeForce RTX 2070 SUPER,8.0,1605 MHz,1770 MHz,267 mm,5,57,756.48,GPU
 Asus Phoenix OC  ,GeForce GTX 1660 SUPER,6.0,1530 MHz,1830 MHz,174 mm,4,3,245.89,GPU
 ASRock Steel Legend OC  ,Radeon RX 7700 XT,12.0,1700 MHz,2599 MHz,304 mm,0,0,575.29,GPU
 Gigabyte GAMING OC  ,GeForce RTX 3050 8GB,8.0,1550 MHz,,282 mm,5,1,259.99,GPU
 EVGA KO ULTRA GAMING  ,GeForce RTX 2060,6.0,1365 MHz,1755 MHz,202 mm,5,47,324.2,GPU
 Zotac GAMING Twin Edge OC  ,GeForce RTX 3070,8.0,1500 MHz,1755 MHz,232 mm,5,14,499.0,GPU
 MSI GAMING X SLIM  ,GeForce RTX 4060 Ti,16.0,2310 MHz,2685 MHz,307 mm,0,0,459.99,GPU
 Gigabyte WINDFORCE OC  ,GeForce RTX 4060 Ti,8.0,2310 MHz,2550 MHz,201 mm,0,0,389.94,GPU
 MSI GAMING X TRIO  ,GeForce RTX 3070 Ti,8.0,1575 MHz,1830 MHz,323 mm,5,13,969.98,GPU
 ASRock Phantom Gaming OC  ,Radeon RX 7800 XT,16.0,1295 MHz,2565 MHz,328 mm,5,1,694.24,GPU
 Gigabyte GAMING OC  ,Radeon RX 7900 XT,20.0,2000 MHz,2535 MHz,331 mm,5,1,906.48,GPU
 Asus ROG STRIX GAMING OC  ,GeForce RTX 4070,12.0,1920 MHz,2640 MHz,339 mm,5,1,669.99,GPU
 Gigabyte WINDFORCE 2X OC  ,GeForce RTX 4070,12.0,2475 MHz,2490 MHz,201 mm,0,0,549.99,GPU
 Asus ROG STRIX-GTX1070-O8G-GAMING  ,GeForce GTX 1070,8.0,1632 MHz,1860 MHz,298 mm,5,126,579.0,GPU
 ASRock Low Profile  ,Arc A310,4.0,2000 MHz,,169 mm,0,0,99.99,GPU
 MSI GT 710 2GD3 LP  ,GeForce GT 710,2.0,954 MHz,,146 mm,4,7,51.99,GPU
 ASRock Challenger ITX  ,Radeon RX 6400,4.0,1923 MHz,,162 mm,0,0,124.99,GPU
 MSI VENTUS 3X E OC  ,GeForce RTX 4090,24.0,2235 MHz,2565 MHz,322 mm,0,0,2199.0,GPU
 Zotac GAMING Twin Edge  ,GeForce RTX 4060 Ti,16.0,2310 MHz,2535 MHz,226 mm,4,1,564.56,GPU
 MSI VENTUS 3X OC  ,GeForce RTX 3060 Ti LHR,8.0,1410 MHz,1695 MHz,316 mm,5,2,541.1,GPU
 Asus DUAL  ,GeForce GTX 1060 6GB,6.0,1594 MHz,1809 MHz,242 mm,5,84,512.43,GPU
 Asus TUF GAMING OC  ,GeForce RTX 4060 Ti,8.0,2310 MHz,2655 MHz,300 mm,0,0,439.99,GPU
 PowerColor Red Dragon OC  ,Radeon RX 6800 XT,16.0,1825 MHz,2310 MHz,310 mm,5,8,649.0,GPU
 Zotac GAMING AMP Holo  ,GeForce RTX 4070 Ti SUPER,16.0,2340 MHz,2640 MHz,356 mm,0,0,869.99,GPU
 MSI MECH 2X OC  ,Radeon RX 6700 XT,12.0,2321 MHz,,247 mm,5,13,598.98,GPU
 Gigabyte WINDFORCE V2  ,GeForce RTX 4090,24.0,2235 MHz,2520 MHz,331 mm,3,1,2249.98,GPU
 Asus DUAL  ,Radeon RX 6600,8.0,1626 MHz,2491 MHz,243 mm,5,10,279.0,GPU
 Asus ROG STRIX LC GAMING OC  ,GeForce RTX 4090,24.0,2235 MHz,2640 MHz,293 mm,0,0,3499.99,GPU
 EVGA BLACK GAMING  ,GeForce RTX 2080 SUPER,8.0,1650 MHz,1815 MHz,270 mm,5,15,599.0,GPU
 PowerColor Hellhound OC  ,Radeon RX 7900 GRE,16.0,1270 MHz,2366 MHz,332 mm,0,0,579.99,GPU
 MSI GeForce RTX 3060 Gaming X12G  ,GeForce RTX 3060 12GB,12.0,1320 MHz,1837 MHz,276 mm,5,22,599.98,GPU
 Gigabyte GAMING OC  ,GeForce RTX 4080,16.0,2205 MHz,2535 MHz,342 mm,5,4,1569.99,GPU
 MSI Radeon RX 6900 XT GAMING X TRIO 16G  ,Radeon RX 6900 XT,16.0,1825 MHz,2340 MHz,324 mm,4,5,933.18,GPU
 Asus ProArt OC  ,GeForce RTX 4070 Ti,12.0,2310 MHz,2760 MHz,300 mm,5,2,849.99,GPU
 Asus TUF GAMING  ,GeForce RTX 4080,16.0,2205 MHz,2535 MHz,348 mm,5,4,1487.98,GPU
 Palit StormX  ,GeForce RTX 4060,8.0,1830 MHz,2460 MHz,170 mm,0,0,371.55,GPU
 Gigabyte AERO OC  ,GeForce RTX 4080,16.0,2205 MHz,2535 MHz,342 mm,5,8,1489.9,GPU
 Asus DUAL OC  ,Radeon RX 6750 XT,12.0,2150 MHz,2618 MHz,295 mm,4,8,469.9,GPU
 Zotac Twin Edge OC  ,GeForce RTX 4070,12.0,1920 MHz,2490 MHz,226 mm,5,2,539.99,GPU
 ASRock Challenger OC  ,Radeon RX 7600,8.0,1720 MHz,2695 MHz,269 mm,0,0,344.13,GPU
 MSI VENTUS 2X OC  ,GeForce RTX 4070 Ti,12.0,2310 MHz,2655 MHz,242 mm,0,0,689.99,GPU
 MSI GAMING X  ,GeForce RTX 4060 Ti,8.0,2310 MHz,,247 mm,5,2,429.99,GPU
 ASRock Challenger D  ,Arc A750,8.0,2200 MHz,,271 mm,5,1,209.99,GPU
 PNY VERTO  ,GeForce RTX 4060 Ti,8.0,2310 MHz,2535 MHz,245 mm,0,0,388.5,GPU
 Sparkle ORC OC  ,Arc A580,8.0,1700 MHz,2000 MHz,222 mm,0,0,179.99,GPU
 PNY VERTO  ,GeForce RTX 4070 Ti,12.0,2310 MHz,2610 MHz,305 mm,4,2,699.0,GPU
 Gigabyte EAGLE OC  ,GeForce RTX 4060 Ti,8.0,2310 MHz,,272 mm,2,1,409.99,GPU
 Gigabyte VISION OC Rev 2.0  ,GeForce RTX 3060 12GB,12.0,1320 MHz,1837 MHz,280 mm,5,5,634.91,GPU
 PowerColor Fighter OC  ,Radeon RX 6500 XT,4.0,2310 MHz,,191 mm,5,2,169.0,GPU
 Inno3D Twin X2  ,GeForce RTX 3060 12GB,12.0,1320 MHz,1777 MHz,240 mm,0,0,346.85,GPU
 Asus DUAL EVO OC  ,GeForce GTX 1660 SUPER,6.0,1530 MHz,1860 MHz,242 mm,5,21,347.5,GPU
 PowerColor Red Devil  ,Radeon RX 6700 XT,12.0,2321 MHz,2622 MHz,320 mm,5,18,723.0,GPU
 ASRock Phantom Gaming D  ,Radeon RX 570,4.0,1168 MHz,1244 MHz,236 mm,4,10,139.9,GPU
 Palit Dual  ,GeForce RTX 4060,8.0,1830 MHz,2460 MHz,250 mm,5,1,382.87,GPU
 NVIDIA Founders Edition  ,GeForce GTX 1060 6GB,6.0,1506 MHz,1709 MHz,250 mm,5,11,549.0,GPU
 XFX Speedster MERC 319 Black  ,Radeon RX 6900 XT,16.0,1950 MHz,2365 MHz,340 mm,5,9,779.99,GPU
 EVGA SC ULTRA GAMING  ,GeForce GTX 1660 SUPER,6.0,1530 MHz,1830 MHz,202 mm,5,24,259.99,GPU
 Zotac GAMING Twin Edge OC  ,GeForce RTX 4060 Ti,8.0,2310 MHz,2565 MHz,226 mm,0,0,399.99,GPU
 Zotac GAMING Trinity OC  ,GeForce RTX 4070 Ti,12.0,2310 MHz,2625 MHz,307 mm,0,0,779.99,GPU
 Asus TUF GAMING OC  ,Radeon RX 7700 XT,12.0,1700 MHz,2599 MHz,320 mm,0,0,439.99,GPU
 EVGA FTW3 ULTRA GAMING  ,GeForce RTX 3070,8.0,1500 MHz,1815 MHz,300 mm,5,27,614.91,GPU
 Asus ProArt OC  ,GeForce RTX 4070,12.0,1920 MHz,2565 MHz,300 mm,0,0,599.99,GPU
 MSI GAMING X TRIO  ,Radeon RX 6750 XT,12.0,2150 MHz,2623 MHz,327 mm,5,6,399.0,GPU
 Asus TUF GAMING OC V2  ,GeForce RTX 3080 10GB LHR,10.0,1440 MHz,1815 MHz,300 mm,4,3,929.0,GPU
 Palit JetStream OC  ,GeForce RTX 4070 Ti SUPER,16.0,2340 MHz,2640 MHz,329 mm,0,0,1041.97,GPU
 MSI GAMING Z TRIO  ,GeForce RTX 3080 12GB LHR,12.0,1260 MHz,1815 MHz,323 mm,5,5,748.99,GPU
 Sapphire PULSE  ,Radeon RX 6750 XT,12.0,2150 MHz,2618 MHz,280 mm,4,1,222.0,GPU
 MSI VENTUS 3X OC LHR  ,GeForce RTX 3080 10GB LHR,10.0,1440 MHz,1740 MHz,305 mm,0,0,899.95,GPU
 Sapphire PULSE  ,Radeon RX 6500 XT,4.0,2310 MHz,2825 MHz,194 mm,5,1,139.99,GPU
 MSI GAMING X  ,GeForce GTX 1050 Ti,4.0,1290 MHz,1493 MHz,229 mm,5,32,252.57,GPU
 Gigabyte AORUS MASTER  ,GeForce RTX 4070 SUPER,12.0,1980 MHz,2655 MHz,342 mm,0,0,699.99,GPU
 MSI SUPRIM X  ,GeForce RTX 4070 Ti,12.0,2310 MHz,2790 MHz,338 mm,5,1,819.99,GPU
 MSI VENTUS 3X OC  ,GeForce RTX 3070 Ti,8.0,1575 MHz,1800 MHz,316 mm,5,5,779.0,GPU
 Asus DUAL OC  ,GeForce GTX 1650 G5,4.0,1485 MHz,1755 MHz,204 mm,4,5,155.0,GPU
 Asus DUAL  ,GeForce RTX 4070,12.0,2475 MHz,2505 MHz,267 mm,0,0,609.99,GPU
 EVGA SC2  ,GeForce GTX 1080 Ti,11.0,1556 MHz,1670 MHz,267 mm,5,34,519.0,GPU
 Zotac GAMING Trinity OC  ,GeForce RTX 4070 Ti,12.0,2310 MHz,2625 MHz,307 mm,4,6,749.99,GPU
 ASRock Phantom Gaming D OC  ,Radeon RX 6650 XT,8.0,2055 MHz,2694 MHz,305 mm,0,0,259.99,GPU
 Asus DUAL EVO OC  ,GeForce RTX 2060,6.0,1365 MHz,1785 MHz,242 mm,5,30,343.95,GPU
 MSI LP OC  ,GeForce RTX 3050 6GB,6.0,1040 MHz,1492 MHz,174 mm,0,0,213.09,GPU
 PNY XLR8 Gaming VERTO EPIC-X RGB OC  ,GeForce RTX 4070 Ti SUPER,16.0,2340 MHz,2655 MHz,333 mm,0,0,849.99,GPU
 PowerColor Hellhound OC  ,Radeon RX 7700 XT,12.0,1700 MHz,2599 MHz,332 mm,4,1,469.99,GPU
 AMD 100-300000074  ,Radeon PRO W7900,48.0,1855 MHz,2495 MHz,280 mm,0,0,3999.0,GPU
 Asus TUF GAMING OC  ,GeForce RTX 4080,16.0,2205 MHz,2625 MHz,348 mm,5,2,1554.0,GPU
 PNY VCQRTX8000-PB  ,Quadro RTX 8000,48.0,1395 MHz,1770 MHz,267 mm,0,0,3638.96,GPU
 MSI GeForce RTX 3090 TI GAMING X TRIO 24G  ,GeForce RTX 3090 Ti,24.0,1560 MHz,1920 MHz,325 mm,5,2,2679.4,GPU
 EVGA SC GAMING  ,GeForce GTX 1060 6GB,6.0,1607 MHz,1835 MHz,173 mm,5,67,423.12,GPU
 Gigabyte EAGLE OC  ,GeForce RTX 4080,16.0,2205 MHz,2520 MHz,342 mm,5,4,1489.06,GPU
 Palit GameRock  ,GeForce RTX 4090,24.0,2235 MHz,2520 MHz,329 mm,5,1,2296.45,GPU
 Gigabyte EAGLE OC Rev 2.0  ,GeForce RTX 3070 LHR,8.0,1500 MHz,1770 MHz,282 mm,5,2,389.99,GPU
 Asus ROG STRIX  ,GeForce GTX 1080,8.0,1670 MHz,1835 MHz,298 mm,5,79,598.99,GPU
 PNY VERTO  ,GeForce RTX 4060 Ti,16.0,2310 MHz,2535 MHz,245 mm,0,0,449.99,GPU
 MSI GAMING X  ,Radeon RX 6650 XT,8.0,2055 MHz,2694 MHz,278 mm,5,2,380.5,GPU
 Asus ROG STRIX GAMING OC  ,GeForce RTX 3070 Ti,8.0,1575 MHz,,318 mm,5,8,1090.0,GPU
 Zotac Twin Edge OC  ,GeForce RTX 3060 Ti,8.0,1410 MHz,1695 MHz,222 mm,5,6,499.0,GPU
 Asus TUF GAMING OC V2  ,GeForce RTX 3070 Ti,8.0,1575 MHz,1815 MHz,300 mm,0,0,749.99,GPU
 Gigabyte WINDFORCE  ,GeForce RTX 4090,24.0,2235 MHz,2520 MHz,331 mm,5,3,2399.0,GPU
 Asus DUAL OC  ,GeForce RTX 3070,8.0,1500 MHz,,267 mm,5,22,559.99,GPU
 Asus STRIX GAMING OC  ,GeForce RTX 2070,8.0,1410 MHz,1845 MHz,305 mm,5,20,675.0,GPU
 PNY XLR8 Gaming VERTO EPIC-X RGB  ,GeForce RTX 4070,12.0,1920 MHz,2475 MHz,305 mm,0,0,549.99,GPU
 NVIDIA Founders Edition  ,GeForce RTX 2080 Ti,11.0,1350 MHz,1635 MHz,267 mm,5,25,1287.99,GPU
 Gigabyte GV-N1030OC-2GI  ,GeForce GT 1030,2.0,1290 MHz,1544 MHz,168 mm,4,8,106.68,GPU
 Sapphire NITRO+  ,Radeon RX 580,8.0,1257 MHz,1411 MHz,260 mm,5,42,459.0,GPU
 Palit Dual  ,GeForce RTX 3060 12GB,12.0,1320 MHz,,245 mm,5,3,359.99,GPU
 MSI VENTUS XS OC  ,GeForce GTX 1660 Ti,6.0,1500 MHz,1830 MHz,204 mm,5,19,249.16,GPU
 Zotac GAMING Twin Fan  ,GeForce GTX 1660 SUPER,6.0,1530 MHz,1785 MHz,173 mm,5,15,368.6,GPU
 Asus TUF GAMING  ,GeForce RTX 4090,24.0,2235 MHz,2550 MHz,348 mm,5,4,2189.98,GPU
 Asus DUAL OC  ,GeForce RTX 3060 8GB,8.0,1320 MHz,1867 MHz,200 mm,5,1,446.37,GPU
 MSI GAMING TRIO  ,GeForce RTX 4090,24.0,2235 MHz,,337 mm,5,4,1999.99,GPU
 MSI GeForce RTX 2060 VENTUS GP 12G OC  ,GeForce RTX 2060 12GB,12.0,1470 MHz,1695 MHz,231 mm,5,1,283.57,GPU
 Gigabyte EAGLE  ,Radeon RX 6500 XT,4.0,2310 MHz,2815 MHz,192 mm,4,3,135.99,GPU
 Sapphire NITRO+  ,Radeon RX 7900 GRE,16.0,1270 MHz,2391 MHz,320 mm,0,0,599.99,GPU
 MSI Radeon RX 6600 MECH 2X 8G  ,Radeon RX 6600,8.0,1626 MHz,2491 MHz,235 mm,5,14,378.84,GPU
 Asus ROG STRIX WHITE OC  ,GeForce RTX 3090,24.0,1395 MHz,1890 MHz,318 mm,5,3,1689.99,GPU
 MSI GAMING X  ,GeForce GTX 1070,8.0,1506 MHz,1797 MHz,279 mm,5,95,585.0,GPU
 Gigabyte D6 OC Rev 2.0  ,GeForce GTX 1650 G6,4.0,1410 MHz,1635 MHz,172 mm,0,0,188.95,GPU
 Asus Phoenix  ,GeForce GTX 1050 Ti,4.0,1290 MHz,1392 MHz,192 mm,5,16,278.56,GPU
 MSI GAMING X  ,GeForce GTX 1060 6GB,6.0,1506 MHz,1809 MHz,277 mm,5,71,479.99,GPU
 Asus ROG STRIX GAMING OC  ,GeForce RTX 4060 Ti,16.0,2310 MHz,2745 MHz,311 mm,0,0,633.67,GPU
 Asus ROG STRIX GAMING  ,GeForce RTX 4070 Ti,12.0,2310 MHz,2640 MHz,336 mm,5,2,936.74,GPU
 Asus TUF GAMING  ,GeForce RTX 4070,12.0,2475 MHz,2505 MHz,301 mm,0,0,649.99,GPU
 EVGA SC GAMING  ,GeForce RTX 2060,6.0,1365 MHz,1710 MHz,190 mm,5,1,379.0,GPU
 MSI GAMING X  ,GeForce RTX 4060 Ti,16.0,2310 MHz,2655 MHz,247 mm,0,0,521.08,GPU
 PowerColor ITX  ,Radeon RX 6500 XT,4.0,2310 MHz,,165 mm,0,0,159.0,GPU
 Zotac GAMING AMP Extreme AIRO  ,GeForce RTX 4080 SUPER,16.0,2210 MHz,2610 MHz,356 mm,0,0,1362.97,GPU
 Gigabyte EAGLE OC  ,GeForce RTX 4070,12.0,1920 MHz,2505 MHz,261 mm,5,2,480.0,GPU
 Asus Noctua OC  ,GeForce RTX 4080,16.0,2205 MHz,2625 MHz,310 mm,5,2,1999.99,GPU
 PNY RTX A-Series  ,RTX A4000,16.0,735 MHz,1560 MHz,241 mm,5,2,1014.69,GPU
 EVGA XC GAMING  ,GeForce RTX 3060 Ti,8.0,1410 MHz,1710 MHz,202 mm,5,15,745.0,GPU
 Gainward Panther OC  ,GeForce RTX 4070 Ti SUPER,16.0,2340 MHz,2640 MHz,329 mm,0,0,999.45,GPU
 MSI AERO ITX  ,Radeon RX 6400,4.0,1923 MHz,,172 mm,0,0,158.99,GPU
 MSI VENTUS 2X E OC  ,GeForce RTX 4070,12.0,1920 MHz,2520 MHz,245 mm,0,0,631.35,GPU
 MSI GAMING X TRIO  ,GeForce RTX 3080 Ti,12.0,1365 MHz,1770 MHz,324 mm,5,4,1851.0,GPU
 MSI VENTUS 2X OC  ,GeForce RTX 3070,8.0,1500 MHz,1755 MHz,232 mm,5,10,849.0,GPU
 Asus ROG STRIX GAMING OC  ,GeForce RTX 3080 12GB LHR,12.0,1260 MHz,1890 MHz,318 mm,5,9,1199.99,GPU
 XFX Speedster SWFT 210  ,Radeon RX 6600 XT,8.0,2092 MHz,2589 MHz,241 mm,4,6,399.99,GPU
 MSI GAMING X SLIM  ,GeForce RTX 4070,12.0,1920 MHz,2625 MHz,307 mm,0,0,815.74,GPU
 Asus ProArt OC  ,GeForce RTX 4060,8.0,1830 MHz,2580 MHz,300 mm,0,0,364.99,GPU
 Asus Noctua OC  ,GeForce RTX 4080 SUPER,16.0,2210 MHz,2640 MHz,310 mm,0,0,1349.99,GPU
 Sapphire PULSE Low Profile  ,Radeon RX 6400,4.0,1923 MHz,,170 mm,5,1,144.0,GPU
 XFX Speedster SWFT 210 Core  ,Radeon RX 6650 XT,8.0,2055 MHz,2635 MHz,241 mm,5,1,249.99,GPU
 MSI MECH 2X CLASSIC OC  ,Radeon RX 7600,8.0,1720 MHz,2695 MHz,235 mm,0,0,249.99,GPU
 PNY XLR8 Gaming VERTO EPIC-X RGB OC  ,GeForce RTX 4060 Ti,16.0,2310 MHz,2580 MHz,305 mm,0,0,469.99,GPU
 MSI Radeon RX 5600 XT GAMING MX  ,Radeon RX 5600 XT,6.0,1280 MHz,1620 MHz,297 mm,4,13,399.99,GPU
 Asus DUAL  ,GeForce RTX 4060 Ti,8.0,2310 MHz,2565 MHz,227 mm,0,0,409.0,GPU
 MSI GeForce GTX 1650 SUPER  ,GeForce GTX 1650 SUPER,4.0,1530 MHz,1740 MHz,180 mm,5,11,427.0,GPU
 PNY RTX A-Series  ,RTX A2000 12GB,12.0,562 MHz,1200 MHz,167 mm,5,1,609.99,GPU
 MSI VENTUS XS OC  ,GeForce GTX 1650 G5,4.0,1485 MHz,1740 MHz,170 mm,4,11,191.12,GPU
 MSI GAMING X SLIM MLG  ,GeForce RTX 4070 SUPER,12.0,1980 MHz,2655 MHz,307 mm,0,0,669.99,GPU
 EVGA FTW3 ULTRA GAMING  ,GeForce RTX 3090 Ti,24.0,1560 MHz,1920 MHz,300 mm,5,2,2159.0,GPU
 Gigabyte Vision OC  ,GeForce RTX 3070 Ti,8.0,1575 MHz,1830 MHz,320 mm,5,11,977.54,GPU
 MSI GAMING X  ,GeForce RTX 3050 6GB,6.0,1040 MHz,1507 MHz,205 mm,0,0,179.99,GPU
 Asus TUF GAMING OC  ,GeForce RTX 3080 Ti,12.0,1365 MHz,1695 MHz,300 mm,5,10,1699.14,GPU
 Gigabyte AORUS MASTER  ,GeForce RTX 3070,8.0,1500 MHz,1845 MHz,290 mm,5,16,780.0,GPU
 EVGA XC3 ULTRA GAMING  ,GeForce RTX 3080 10GB,10.0,1440 MHz,1755 MHz,285 mm,5,42,948.25,GPU
 MSI ARMOR OC  ,Radeon RX 580,8.0,1257 MHz,1366 MHz,269 mm,5,39,489.95,GPU
 Zotac AMP Core  ,GeForce GTX 1650 G6,4.0,1410 MHz,1650 MHz,162 mm,0,0,194.36,GPU
 Gigabyte GAMING OC V2  ,GeForce RTX 4070 Ti,12.0,2310 MHz,2640 MHz,300 mm,5,1,799.99,GPU
 PowerColor Hellhound OC  ,Radeon RX 7600 XT,16.0,1720 MHz,2810 MHz,220 mm,0,0,349.99,GPU
 Asus TUF Gaming EVO OC  ,GeForce GTX 1660 Ti,6.0,1500 MHz,1845 MHz,206 mm,0,0,225.0,GPU
 PNY XLR8 Gaming VERTO EPIC-X RGB OC  ,GeForce RTX 4070 Ti,12.0,2310 MHz,2670 MHz,332 mm,5,4,789.99,GPU
 Inno3D Twin X2  ,GeForce RTX 4060,8.0,1830 MHz,2460 MHz,250 mm,0,0,358.3,GPU
 Palit StormX  ,GeForce RTX 4060 Ti,8.0,2310 MHz,2535 MHz,170 mm,0,0,487.66,GPU
 Zotac GAMING Trinity OC  ,GeForce RTX 4090,24.0,2235 MHz,2535 MHz,356 mm,0,0,2327.4,GPU
 Asus TUF GAMING OC  ,GeForce RTX 3090,24.0,1395 MHz,,300 mm,5,6,1449.0,GPU
 MSI GAMING X  ,GeForce GTX 1060 3GB,3.0,1594 MHz,1809 MHz,277 mm,5,12,142.18,GPU
 Zotac GAMING Trinity OC  ,GeForce RTX 4090,24.0,2235 MHz,2535 MHz,356 mm,5,2,2324.61,GPU
 Asus STRIX GAMING  ,GeForce RTX 4070,12.0,2475 MHz,2505 MHz,339 mm,5,1,719.99,GPU
 MSI GAMING X  ,GeForce GTX 1080,8.0,1607 MHz,1847 MHz,279 mm,5,47,598.0,GPU
 Gigabyte GAMING OC  ,Radeon RX 6800 XT,16.0,1825 MHz,2285 MHz,286 mm,5,8,792.24,GPU
 Asus ROG STRIX GAMING OC V2  ,GeForce RTX 3060 12GB,12.0,1320 MHz,1912 MHz,300 mm,5,2,699.99,GPU
 Acer Predator BiFrost OC  ,Arc A750,8.0,2050 MHz,,267 mm,5,1,269.99,GPU
 Gigabyte GAMING OC  ,GeForce GTX 1660 SUPER,6.0,1530 MHz,1860 MHz,280 mm,5,24,469.5,GPU
 PowerColor Fighter OC  ,Radeon RX 7900 GRE,16.0,1270 MHz,2293 MHz,303 mm,0,0,559.99,GPU
 Zotac GAMING Trinity OC  ,GeForce RTX 3080 Ti,12.0,1365 MHz,1695 MHz,318 mm,5,5,1127.45,GPU
 MSI SUPRIM X  ,GeForce RTX 4080,16.0,2205 MHz,2640 MHz,336 mm,5,4,2600.12,GPU
 Zotac GAMING AMP Holo  ,GeForce RTX 3070 Ti,8.0,1575 MHz,1830 MHz,317 mm,4,8,549.99,GPU
 ASRock Phantom Gaming OC  ,Radeon RX 7600,8.0,1720 MHz,2755 MHz,305 mm,4,1,289.99,GPU
 XFX Speedster QICK 319 BLACK  ,Radeon RX 6700 XT,12.0,2457 MHz,2622 MHz,323 mm,4,6,636.59,GPU
 MSI GAMING X SLIM  ,GeForce RTX 4070 Ti,12.0,2310 MHz,2745 MHz,307 mm,4,1,1776.5,GPU
 Gigabyte WINDFORCE OC  ,GeForce GTX 1650 G6,4.0,1410 MHz,1650 MHz,191 mm,4,1,279.0,GPU
 MSI D3H LP  ,GeForce GT 710,1.0,954 MHz,,146 mm,0,0,47.99,GPU
 NVIDIA 9001G4012510000  ,GeForce GTX 970,4.0,1050 MHz,1178 MHz,267 mm,5,24,469.0,GPU
 Zotac Twin Edge  ,GeForce RTX 3060 Ti,8.0,1410 MHz,1665 MHz,222 mm,4,5,479.9,GPU
 Zotac GAMING Trinity OC  ,GeForce RTX 3090,24.0,1395 MHz,1710 MHz,318 mm,5,4,2212.07,GPU
 EVGA FTW GAMING ACX 3.0  ,GeForce GTX 1080,8.0,1721 MHz,1860 MHz,267 mm,5,62,599.99,GPU
 PowerColor Hellhound  ,Radeon RX 6700 XT,12.0,2321 MHz,2581 MHz,305 mm,5,6,549.99,GPU
 Asus DUAL  ,GeForce GTX 1060 3GB,3.0,1594 MHz,1809 MHz,242 mm,4,33,369.0,GPU
 PowerColor Fighter  ,Radeon RX 7600,8.0,1720 MHz,2655 MHz,212 mm,5,1,269.99,GPU
 Sapphire NITRO+  ,Radeon RX 7700 XT,12.0,1700 MHz,,320 mm,0,0,509.99,GPU
 Zotac GAMING Trinity OC  ,GeForce RTX 3080 10GB,10.0,1440 MHz,1725 MHz,318 mm,5,10,1159.99,GPU
 Gigabyte WINDFORCE OC  ,GeForce RTX 3050 8GB,8.0,1550 MHz,1792 MHz,244 mm,0,0,299.85,GPU
 MSI VENTUS 3X E OC  ,GeForce RTX 4070,12.0,1920 MHz,2520 MHz,308 mm,0,0,934.79,GPU
 MSI GAMING X  ,GeForce RTX 2070 SUPER,8.0,1605 MHz,1800 MHz,297 mm,5,31,679.0,GPU
 EVGA SC ULTRA GAMING  ,GeForce GTX 1660,6.0,1530 MHz,1830 MHz,202 mm,5,7,220.0,GPU
 ASRock Phantom Gaming OC  ,Radeon RX 7700 XT,12.0,1700 MHz,2599 MHz,328 mm,0,0,439.99,GPU
 Gigabyte AORUS MASTER  ,GeForce RTX 3070 Ti,8.0,1575 MHz,1875 MHz,324 mm,5,12,1195.0,GPU
 MSI GeForce RTX 3090 GAMING X TRIO 24G  ,GeForce RTX 3090,24.0,1395 MHz,,335 mm,5,4,1599.95,GPU
 Asus ROG STRIX GAMING OC  ,GeForce RTX 3070,8.0,1500 MHz,1905 MHz,318 mm,5,8,739.0,GPU
 Gigabyte OC Low Profile  ,GeForce RTX 3050 6GB,6.0,1040 MHz,1477 MHz,181 mm,0,0,176.0,GPU
 NVIDIA TITAN RTX  ,TITAN RTX,24.0,1350 MHz,1770 MHz,267 mm,5,3,1499.0,GPU
 AMD â€Ž100-438373  ,Radeon RX 6900 XT,16.0,1825 MHz,2250 MHz,267 mm,5,4,999.99,GPU
 Zotac GAMING Trinity  ,GeForce RTX 4080,16.0,2205 MHz,2505 MHz,356 mm,5,1,1439.9,GPU
 Asus TUF GAMING  ,GeForce RTX 4060 Ti,8.0,2310 MHz,2565 MHz,300 mm,0,0,449.99,GPU
 Asus ROG STRIX  ,GeForce GTX 1070 Ti,8.0,1607 MHz,1759 MHz,298 mm,5,28,599.0,GPU
 PowerColor Red Devil OC  ,Radeon RX 6800 XT,16.0,1825 MHz,2340 MHz,320 mm,5,6,799.97,GPU
 Asus DUAL OC  ,Radeon RX 7700 XT,12.0,1700 MHz,2599 MHz,280 mm,0,0,419.99,GPU
 Gigabyte GV-N1030D5-2GL  ,GeForce GT 1030,2.0,1252 MHz,1506 MHz,150 mm,4,9,115.02,GPU
 MSI GeForce RTX 3070 VENTUS 3X OC  ,GeForce RTX 3070,8.0,1500 MHz,1755 MHz,305 mm,5,29,740.0,GPU
 MSI ARMOR OCV1  ,GeForce GTX 1060 6GB,6.0,1544 MHz,1759 MHz,275 mm,5,10,399.0,GPU
 Asus DUAL  ,Radeon RX 6700 XT,12.0,2321 MHz,,295 mm,5,7,599.0,GPU
 Zotac GAMING AMP  ,GeForce GTX 1660 SUPER,6.0,1530 MHz,1845 MHz,210 mm,5,1,229.99,GPU
 PNY VERTO  ,GeForce RTX 4080,16.0,2205 MHz,2505 MHz,332 mm,0,0,1294.0,GPU
 MSI GAMING X TRIO  ,GeForce RTX 4060 Ti,8.0,2310 MHz,,338 mm,4,1,521.11,GPU
 Zotac GAMING  ,GeForce RTX 2060,6.0,1365 MHz,1680 MHz,210 mm,5,12,290.58,GPU
 Zotac GAMING Trinity  ,GeForce RTX 4090,24.0,2235 MHz,2520 MHz,356 mm,5,1,2279.0,GPU
 Asus ROG STRIX OC  ,GeForce RTX 4060 Ti,8.0,2310 MHz,2715 MHz,311 mm,0,0,479.99,GPU
 Palit Dual OC  ,GeForce RTX 4070,12.0,1920 MHz,2550 MHz,269 mm,0,0,700.21,GPU
 EVGA XC3 ULTRA GAMING iCX3  ,GeForce RTX 3080 Ti,12.0,1365 MHz,1725 MHz,300 mm,4,9,1305.49,GPU
 PNY XLR8 Gaming VERTO EPIC-X RGB  ,GeForce RTX 4060,8.0,1830 MHz,2460 MHz,260 mm,5,1,329.99,GPU
 PNY XLR8 Gaming VERTO EPIC-X RGB  ,GeForce RTX 4060 Ti,8.0,2310 MHz,2535 MHz,305 mm,0,0,389.0,GPU
 Zotac GAMING  ,GeForce GTX 1630,4.0,1740 MHz,1785 MHz,151 mm,0,0,134.99,GPU
 MSI GAMING X TRIO  ,GeForce RTX 4080,16.0,2205 MHz,2610 MHz,337 mm,0,0,1899.99,GPU
 Asus ROG STRIX GAMING OC  ,Radeon RX 6600 XT,8.0,1968 MHz,2607 MHz,243 mm,4,1,449.99,GPU
 Asus TUF GAMING OC  ,GeForce GTX 1650 G6,4.0,1410 MHz,1680 MHz,204 mm,5,2,239.38,GPU
 Zotac GAMING AMP Extreme AIRO  ,GeForce RTX 4090,24.0,2235 MHz,2580 MHz,356 mm,5,6,2199.98,GPU
 EVGA FTW3 ULTRA GAMING  ,GeForce RTX 3060 Ti LHR,8.0,1410 MHz,1800 MHz,285 mm,5,6,529.99,GPU
 Asus GT730-SL-2GD5-BRK  ,GeForce GT 730,2.0,902 MHz,,165 mm,0,0,79.99,GPU
 Asus DUAL OC  ,GeForce RTX 3060 12GB,12.0,1320 MHz,,200 mm,5,6,396.24,GPU
 PNY RTX A-Series  ,RTX A5000,24.0,1170 MHz,1695 MHz,267 mm,0,0,2098.5,GPU
 EVGA SC ULTRA GAMING  ,GeForce GTX 1650 SUPER,4.0,1530 MHz,1755 MHz,202 mm,5,21,237.0,GPU
 Asus DUAL OC  ,Radeon RX 6500 XT,4.0,2310 MHz,2820 MHz,201 mm,4,1,229.99,GPU
 Palit GameRock OC  ,GeForce RTX 4090,24.0,2235 MHz,2610 MHz,329 mm,0,0,2367.35,GPU
 EVGA XC BLACK GAMING  ,GeForce RTX 3060 12GB,12.0,1320 MHz,1777 MHz,202 mm,5,5,620.0,GPU
 XFX Speedster MERC 308 Black  ,Radeon RX 6650 XT,8.0,2055 MHz,2694 MHz,274 mm,5,1,399.99,GPU
 Zotac GAMING AMP Holo  ,GeForce RTX 3080 Ti,12.0,1365 MHz,1710 MHz,318 mm,4,1,1399.99,GPU
 PNY VCNRTX4000ADALP-PB  ,RTX 4000 SFF Ada Generation,20.0,1290 MHz,1565 MHz,168 mm,0,0,1453.98,GPU
 PNY VERTO  ,GeForce RTX 3070 Ti,8.0,1575 MHz,1770 MHz,305 mm,0,0,490.98,GPU
 Asus ROG STRIX GAMING OC V2  ,GeForce RTX 3080 10GB LHR,10.0,1440 MHz,1935 MHz,318 mm,5,6,1029.0,GPU
 Gigabyte WINDFORCE OC  ,GeForce GTX 1660 Ti,6.0,1500 MHz,1845 MHz,265 mm,4,4,279.82,GPU
 MSI MSI RTX 2070 Ventus 8G Video Card  ,GeForce RTX 2070,8.0,1410 MHz,1620 MHz,226 mm,4,4,629.0,GPU
 EVGA XC3 ULTRA GAMING  ,GeForce RTX 3070 Ti,8.0,1575 MHz,1815 MHz,285 mm,5,5,769.99,GPU
 Sparkle ELF  ,Arc A380,6.0,2000 MHz,2000 MHz,153 mm,0,0,129.99,GPU
 MSI GAMING Z  ,GeForce RTX 2060,6.0,1365 MHz,1830 MHz,247 mm,5,27,458.41,GPU
 EVGA XC ULTRA GAMING  ,GeForce RTX 2080,8.0,1515 MHz,1815 MHz,270 mm,5,16,849.0,GPU
 PNY XLR8 Gaming VERTO EPIC-X RGB  ,GeForce RTX 4070 Ti,12.0,2310 MHz,2610 MHz,332 mm,5,1,779.99,GPU
 PowerColor Hellhound  ,Radeon RX 7600,8.0,1720 MHz,2655 MHz,234 mm,0,0,289.99,GPU
 Sapphire PULSE  ,Radeon RX 6600 XT,8.0,1968 MHz,2593 MHz,240 mm,3,1,581.29,GPU
 Asus TUF GAMING OC  ,Radeon RX 6500 XT,4.0,2310 MHz,2825 MHz,250 mm,5,1,209.99,GPU
 EVGA FTW3 ULTRA GAMING  ,GeForce RTX 3080 12GB LHR,12.0,1260 MHz,1800 MHz,300 mm,5,9,1139.95,GPU
 EVGA SC GAMING ACX 3.0 Black Edition  ,GeForce GTX 1070 Ti,8.0,1607 MHz,1683 MHz,267 mm,5,24,570.0,GPU
 Gigabyte GAMING OC  ,Radeon RX 6600 XT,8.0,1968 MHz,2593 MHz,282 mm,5,3,399.0,GPU
 PNY XLR8 Gaming VERTO EPIC-X RGB OC  ,GeForce RTX 4080 SUPER,16.0,2210 MHz,2595 MHz,332 mm,0,0,1229.99,GPU
 Gigabyte AERO OC  ,GeForce RTX 4070 Ti,12.0,2310 MHz,2640 MHz,336 mm,5,7,1059.9,GPU
 Asus TUF-RX6800XT-O16G-GAMING  ,Radeon RX 6800 XT,16.0,1825 MHz,2340 MHz,320 mm,5,11,1078.0,GPU
 MSI Radeon RX 6800 XT Gaming X Trio 16G  ,Radeon RX 6800 XT,16.0,1850 MHz,2285 MHz,324 mm,5,11,1149.99,GPU
 Asus Phoenix EVO  ,Radeon RX 550 - 512,4.0,1100 MHz,1183 MHz,192 mm,0,0,121.68,GPU
 Zotac GAMING AMP Extreme AIRO  ,GeForce RTX 4070 Ti,12.0,2310 MHz,2700 MHz,356 mm,5,1,749.99,GPU
 Acer Predator BiFrost OC  ,Arc A750,8.0,2200 MHz,2400 MHz,267 mm,0,0,269.99,GPU
 EVGA SC GAMING ACX 3.0  ,GeForce GTX 1070,8.0,1594 MHz,1784 MHz,267 mm,5,65,585.0,GPU
 PNY XLR8 Gaming VERTO EPIC-X RGB  ,GeForce RTX 4090,24.0,2230 MHz,2520 MHz,332 mm,5,3,1849.0,GPU
 Gigabyte GAMING OC  ,GeForce RTX 3090,24.0,1395 MHz,1755 MHz,320 mm,5,4,1599.99,GPU
 MSI VENTUS 3X OC  ,GeForce RTX 3080 Ti,12.0,1365 MHz,1695 MHz,305 mm,5,10,1199.0,GPU
 Gigabyte AORUS ELITE  ,GeForce RTX 3060 Ti,8.0,1410 MHz,1785 MHz,296 mm,5,5,629.9,GPU
 EVGA FTW3 ULTRA GAMING  ,GeForce RTX 2080 Ti,11.0,1350 MHz,1755 MHz,302 mm,5,16,1576.99,GPU
 Asus DUAL OC  ,Radeon RX 6600 XT,8.0,1968 MHz,2607 MHz,243 mm,4,3,449.01,GPU
 MSI ARMOR OC  ,Radeon RX 580,4.0,1257 MHz,1366 MHz,269 mm,5,12,249.99,GPU
 PNY XLR8 Gaming VERTO EPIC-X RGB OC  ,GeForce RTX 4070 SUPER,12.0,1980 MHz,2505 MHz,305 mm,0,0,649.99,GPU
 Gigabyte GAMING OC  ,Radeon RX 6700 XT,12.0,2321 MHz,,281 mm,5,1,669.99,GPU
 MSI GAMING X TRIO 8GD6X  ,GeForce RTX 3060 Ti,8.0,1410 MHz,1845 MHz,323 mm,4,1,571.0,GPU
 MSI GAMING  ,GeForce GTX 1070 Ti,8.0,1607 MHz,1683 MHz,279 mm,5,15,729.0,GPU
 Gigabyte GAMING OC  ,Radeon RX 6500 XT,4.0,2310 MHz,2825 MHz,282 mm,5,2,329.95,GPU
 PowerColor Red Dragon  ,Radeon RX 550 - 512,4.0,1100 MHz,1071 MHz,181 mm,0,0,88.43,GPU
 Zotac GAMING Trinity  ,GeForce RTX 4070 Ti,12.0,2310 MHz,2610 MHz,307 mm,5,1,729.99,GPU
 Gigabyte EAGLE OC  ,GeForce RTX 3050 8GB,8.0,1550 MHz,1792 MHz,213 mm,4,5,367.58,GPU
 Asus TUF GAMING OC  ,Radeon RX 6900 XT,16.0,1825 MHz,2340 MHz,320 mm,5,4,1399.99,GPU
 PowerColor Red Devil  ,Radeon RX 580,8.0,1257 MHz,1380 MHz,255 mm,5,11,343.99,GPU
 Sparkle GENIE  ,Arc A380,6.0,2000 MHz,2000 MHz,145 mm,0,0,124.99,GPU
 PNY XLR8 Gaming REVEL EPIC-X RGB  ,GeForce RTX 3060 12GB,12.0,1320 MHz,,170 mm,4,4,379.99,GPU
 PowerColor Red Devil  ,Radeon RX 7900 XT,20.0,2000 MHz,2535 MHz,338 mm,4,1,1245.0,GPU
 Asus DUAL OC V2  ,GeForce RTX 3070 LHR,8.0,1500 MHz,1800 MHz,267 mm,5,2,539.1,GPU
 Asus ROG STRIX WHITE OC  ,GeForce RTX 3080 10GB,10.0,1440 MHz,1935 MHz,318 mm,5,5,1799.99,GPU
 MSI GAMING X  ,Radeon RX 6600 XT,8.0,1968 MHz,2607 MHz,277 mm,5,9,506.45,GPU
 Asus ROG STRIX GAMING OC V2  ,GeForce RTX 3060 Ti LHR,8.0,1410 MHz,1890 MHz,318 mm,4,7,714.99,GPU
 Asus TUF Gaming OG  ,GeForce RTX 4090,24.0,2235 MHz,2550 MHz,326 mm,0,0,2249.98,GPU
 PowerColor Red Dragon OC  ,Radeon RX 6800,16.0,1700 MHz,2170 MHz,310 mm,0,0,469.99,GPU
 Zotac GAMING Twin Edge OC  ,GeForce RTX 3050 8GB,8.0,1550 MHz,1807 MHz,224 mm,3,1,399.99,GPU
 MSI GeForce RTX 3090 VENTUS 3X 24G OC  ,GeForce RTX 3090,24.0,1395 MHz,,305 mm,5,2,1878.0,GPU
 PNY VCQRTX5000-PB  ,Quadro RTX 5000,16.0,1620 MHz,1815 MHz,267 mm,5,1,825.0,GPU
 Gigabyte AORUS MASTER  ,GeForce RTX 3080 Ti,12.0,1365 MHz,1770 MHz,320 mm,5,4,1129.95,GPU
 Zotac ZT-71115-20L  ,GeForce GT 730,4.0,902 MHz,,,4,1,79.99,GPU
 Inno3D Compact  ,GeForce RTX 4060,8.0,1830 MHz,2460 MHz,155 mm,0,0,358.53,GPU
 MSI GAMING Z TRIO  ,GeForce RTX 3080 10GB LHR,10.0,1440 MHz,1830 MHz,323 mm,5,10,999.95,GPU
 Gigabyte AORUS ELITE  ,GeForce RTX 4060,8.0,1830 MHz,,299 mm,0,0,476.47,GPU
 Gigabyte GAMING OC PRO Rev 3.0  ,GeForce RTX 3060 Ti LHR,8.0,1410 MHz,1770 MHz,281 mm,5,2,598.76,GPU
 EVGA SC GAMING ACX 3.0  ,GeForce GTX 1080,8.0,1708 MHz,1847 MHz,267 mm,5,51,599.0,GPU
 Asus ProArt OC  ,GeForce RTX 4070 SUPER,12.0,1980 MHz,2565 MHz,300 mm,0,0,689.99,GPU
 PNY XLR8 Gaming VERTO EPIC-X RGB  ,GeForce RTX 4080,16.0,2205 MHz,2505 MHz,332 mm,5,3,1239.99,GPU
 Asus ProArt  ,GeForce RTX 4070 Ti,12.0,2310 MHz,2640 MHz,300 mm,0,0,839.99,GPU
 PNY VCQRTX4000-PB  ,Quadro RTX 4000,8.0,1005 MHz,1545 MHz,267 mm,5,3,626.01,GPU
 PNY VERTO  ,GeForce RTX 3060 12GB,12.0,1320 MHz,1777 MHz,247 mm,0,0,330.21,GPU
 PowerColor Red Devil Ultimate  ,Radeon RX 6900 XT,16.0,1825 MHz,2425 MHz,320 mm,5,6,1499.99,GPU
 MSI GAMING X TRIO  ,GeForce RTX 3060 12GB,12.0,1320 MHz,1852 MHz,323 mm,5,3,690.0,GPU
 AMD 100-505999  ,Radeon Pro WX 3100,4.0,925 MHz,1219 MHz,168 mm,5,4,99.99,GPU
 Asus STRIX GAMING OC  ,GeForce RTX 2060,6.0,1365 MHz,1860 MHz,300 mm,5,13,549.0,GPU
 PNY VERTO  ,GeForce RTX 3050 8GB,8.0,1550 MHz,1777 MHz,228 mm,4,1,299.0,GPU
 Asus DUAL EVO  ,GeForce RTX 2060 12GB,12.0,1470 MHz,1680 MHz,242 mm,0,0,383.19,GPU
 MSI GT 1030 2GHD4 LP OC  ,GeForce GT 1030 DDR4,2.0,1189 MHz,1430 MHz,150 mm,0,0,124.82,GPU
 Zotac GAMING AMP Spider-Man: Across the Spider-Verse  ,GeForce RTX 4060 Ti,16.0,2310 MHz,2595 MHz,226 mm,4,2,654.47,GPU
 MSI GAMING X TRIO  ,Radeon RX 6950 XT,16.0,1890 MHz,2454 MHz,325 mm,5,1,883.99,GPU
 MSI Radeon RX 6600 XT MECH 2X 8G OCV1  ,Radeon RX 6600 XT,8.0,1968 MHz,2602 MHz,215 mm,0,0,387.78,GPU
 Zotac GAMING Trinity OC  ,GeForce RTX 3070 Ti,8.0,1575 MHz,1800 MHz,318 mm,5,1,649.9,GPU
 Acer Predator BiFrost OC  ,Radeon RX 7600,8.0,1720 MHz,2725 MHz,267 mm,5,1,300.79,GPU
 EVGA FTW3 ULTRA GAMING LHR  ,GeForce RTX 3080 10GB LHR,10.0,1440 MHz,1800 MHz,300 mm,5,25,1019.95,GPU
 Asus GT1030-2G-BRK  ,GeForce GT 1030,2.0,1266 MHz,1506 MHz,169 mm,0,0,100.71,GPU
 Zotac GAMING  ,GeForce GTX 1660 Ti,6.0,1500 MHz,1770 MHz,173 mm,5,3,432.86,GPU
 PNY RTX A-Series  ,RTX A5500,24.0,1170 MHz,1695 MHz,267 mm,0,0,4499.0,GPU
 EVGA SC Black Edition  ,GeForce GTX 1080 Ti,11.0,1556 MHz,1670 MHz,267 mm,5,23,599.0,GPU
 EVGA SC GAMING ACX 2.0  ,GeForce GTX 1050 Ti,4.0,1354 MHz,1468 MHz,145 mm,5,61,499.99,GPU
 Palit KalmX  ,GeForce RTX 3050 6GB,6.0,1040 MHz,1470 MHz,166 mm,0,0,263.23,GPU
 Asus Turbo  ,GeForce GTX 1080,8.0,1607 MHz,1733 MHz,267 mm,4,15,579.0,GPU
 Gigabyte GAMING OC PRO  ,GeForce RTX 3060 Ti,8.0,1410 MHz,1770 MHz,286 mm,5,6,559.99,GPU
 XFX Speedster QICK 308 Black  ,Radeon RX 6600 XT,8.0,2188 MHz,2607 MHz,274 mm,5,2,649.99,GPU
 Palit GamingPro  ,GeForce RTX 4080 SUPER,16.0,2210 MHz,2550 MHz,329 mm,0,0,1357.97,GPU
 Sparkle ELF  ,Arc A310,4.0,1750 MHz,2000 MHz,153 mm,0,0,99.99,GPU
 XFX Speedster MERC 319 Black  ,Radeon RX 6700 XT,12.0,2321 MHz,2622 MHz,323 mm,5,3,599.99,GPU
 XFX GTS  ,Radeon RX 580,8.0,1405 MHz,1425 MHz,270 mm,4,13,257.0,GPU
 Gigabyte AORUS ELITE  ,GeForce RTX 4060 Ti,8.0,2310 MHz,,301 mm,0,0,589.11,GPU
 AMD RADEON PRO WX 4100  ,Radeon Pro WX 4100,4.0,925 MHz,975 MHz,168 mm,5,2,119.99,GPU
 Asus Turbo  ,GeForce GTX 1080 Ti,11.0,1480 MHz,1582 MHz,267 mm,5,7,599.0,GPU
 PNY XLR8 Gaming VERTO EPIC-X RGB OC  ,GeForce RTX 4070,12.0,1920 MHz,2520 MHz,305 mm,0,0,549.87,GPU
 Gigabyte EAGLE OC Rev 2.0  ,GeForce RTX 4070 Ti,12.0,2310 MHz,2625 MHz,261 mm,4,1,885.93,GPU
 Asus ROG STRIX  ,Radeon RX 570,4.0,1168 MHz,1310 MHz,240 mm,5,16,410.0,GPU
 PNY VCQP4000-PB  ,Quadro P4000,8.0,1227 MHz,1480 MHz,242 mm,5,1,460.64,GPU
 EVGA XC GAMING  ,GeForce RTX 3050 8GB,8.0,1550 MHz,1845 MHz,202 mm,5,9,397.04,GPU
 Inno3D Twin X2 OC  ,GeForce RTX 4060 Ti,16.0,2310 MHz,2595 MHz,250 mm,0,0,572.8,GPU
 PNY XLR8 Gaming REVEL EPIC-X RGB  ,GeForce RTX 3070 LHR,8.0,1500 MHz,1725 MHz,294 mm,5,1,499.0,GPU
 Inno3D Twin X2  ,GeForce RTX 4060 Ti,16.0,2310 MHz,2535 MHz,250 mm,0,0,650.58,GPU
 MSI GAMING Z TRIO  ,GeForce RTX 3070 LHR,8.0,1500 MHz,1845 MHz,323 mm,5,7,689.99,GPU
 ASRock Taichi X OC  ,Radeon RX 6800 XT,16.0,1825 MHz,,330 mm,5,6,789.0,GPU
 EVGA FTW3 ULTRA GAMING iCX3  ,GeForce RTX 3060 Ti,8.0,1410 MHz,1800 MHz,285 mm,5,12,629.0,GPU
 Asus STRIX LC GAMING OC  ,GeForce RTX 3090 Ti,24.0,1560 MHz,1980 MHz,293 mm,4,3,1949.95,GPU
 Asus Phoenix Fan OC  ,GeForce GT 1030,2.0,1278 MHz,1531 MHz,184 mm,4,5,123.65,GPU
 Gigabyte WINDFORCE  ,GeForce GTX 980,4.0,1228 MHz,1329 MHz,312 mm,5,23,199.0,GPU
 Sapphire NITRO+ SE  ,Radeon RX 6900 XT,16.0,1825 MHz,2365 MHz,310 mm,5,5,1188.99,GPU
 Palit Dual  ,GeForce RTX 4070,12.0,1920 MHz,2475 MHz,269 mm,0,0,656.18,GPU
 Asus DUAL OC  ,Radeon RX 6700 XT,12.0,2321 MHz,2622 MHz,295 mm,5,2,599.99,GPU
 MSI AERO ITX 2GD4 OC  ,GeForce GT 1030 DDR4,2.0,1189 MHz,1430 MHz,147 mm,0,0,111.95,GPU
 ASRock Phantom Gaming D  ,Arc A770,8.0,2200 MHz,,305 mm,0,0,343.94,GPU
 Palit JetStream  ,GeForce RTX 4060 Ti,16.0,2310 MHz,2535 MHz,250 mm,0,0,592.64,GPU
 EVGA XC3 ULTRA GAMING  ,GeForce RTX 3090,24.0,1395 MHz,1725 MHz,285 mm,4,3,1434.99,GPU
 PNY VCG16504D6DFPPB  ,GeForce GTX 1650 G6,4.0,1485 MHz,1590 MHz,170 mm,0,0,189.99,GPU
 PNY RTX A-Series  ,RTX A4500,20.0,1050 MHz,1650 MHz,267 mm,0,0,1499.99,GPU
 PowerColor Red Devil  ,Radeon RX 6600 XT,8.0,1968 MHz,2607 MHz,251 mm,5,2,604.17,GPU
 Palit Dual OC  ,GeForce RTX 3060 12GB,12.0,1320 MHz,,245 mm,0,0,365.69,GPU
 EVGA XC ULTRA GAMING  ,GeForce RTX 2080 Ti,11.0,1350 MHz,1650 MHz,270 mm,5,20,1079.0,GPU
 MSI VENTUS 3X OC  ,GeForce RTX 3080 10GB LHR,10.0,1440 MHz,1740 MHz,305 mm,0,0,899.95,GPU
 MSI GTX 1070 TI TITANIUM 8G  ,GeForce GTX 1070 Ti,8.0,1607 MHz,1683 MHz,279 mm,5,22,699.0,GPU
 Zotac GAMING Trinity OC  ,GeForce RTX 4080,16.0,2205 MHz,2520 MHz,356 mm,0,0,1485.0,GPU
 PNY T-Series  ,T1000 8GB,8.0,1065 MHz,1395 MHz,156 mm,0,0,404.74,GPU
 MSI GeForce GTX 1630 AERO ITX 4G OC  ,GeForce GTX 1630,4.0,1740 MHz,,170 mm,0,0,149.99,GPU
 Gigabyte WINDFORCE OC  ,GeForce GTX 1650 SUPER,4.0,1530 MHz,1755 MHz,225 mm,5,15,294.99,GPU
 Zotac GAMING OC  ,GeForce GTX 1650 G6,4.0,1410 MHz,1620 MHz,151 mm,0,0,286.0,GPU
 EVGA XC BLACK GAMING  ,GeForce RTX 2060 12GB,12.0,1470 MHz,1650 MHz,268 mm,0,0,299.0,GPU
 MSI VENTUS 2X OC  ,GeForce RTX 3050 8GB,8.0,1550 MHz,,235 mm,4,4,386.51,GPU
 PNY XLR8 Gaming REVEL EPIC-X RGB  ,GeForce RTX 3050 8GB,8.0,1552 MHz,1777 MHz,247 mm,0,0,249.99,GPU
 AMD 100-506157  ,Radeon PRO W6800,32.0,2075 MHz,2320 MHz,267 mm,0,0,1899.26,GPU
 Gigabyte GAMING OC 3X  ,GeForce RTX 2070 SUPER,8.0,1605 MHz,1815 MHz,286 mm,5,33,845.0,GPU
 NVIDIA 9001G4012500000  ,GeForce GTX 980,4.0,1126 MHz,1216 MHz,267 mm,5,9,399.0,GPU
 Inno3D Twin X2 OC  ,GeForce RTX 4060 Ti,16.0,2310 MHz,2595 MHz,250 mm,0,0,561.48,GPU
 Zotac ZT-71302-20L  ,GeForce GT 710,2.0,954 MHz,,144 mm,1,1,68.0,GPU
 Asus ROG STRIX  ,Radeon RX 580,8.0,1257 MHz,1380 MHz,298 mm,5,20,406.89,GPU
 Asus TUF GAMING OC  ,GeForce RTX 3080 12GB LHR,12.0,1260 MHz,1815 MHz,300 mm,5,6,1159.0,GPU
 Asus DUAL OC V2  ,GeForce RTX 3060 Ti LHR,8.0,1410 MHz,1740 MHz,269 mm,5,6,599.99,GPU
 MSI VENTUS OC  ,GeForce RTX 2060,6.0,1365 MHz,1710 MHz,226 mm,4,15,343.03,GPU
 Gigabyte EAGLE  ,Radeon RX 6600 XT,8.0,1968 MHz,2589 MHz,282 mm,0,0,587.49,GPU
 MSI GAMING SLIM  ,GeForce RTX 4070 Ti,12.0,2310 MHz,2625 MHz,307 mm,0,0,759.99,GPU
 Zotac GAMING Twin Fan  ,GeForce GTX 1650 SUPER,4.0,1530 MHz,1725 MHz,158 mm,4,11,339.99,GPU
 Gigabyte AORUS MASTER  ,GeForce RTX 3080 10GB,10.0,1440 MHz,,319 mm,5,8,1128.68,GPU
 Asus Turbo  ,GeForce GTX 1060 6GB,6.0,1506 MHz,1708 MHz,267 mm,4,16,489.0,GPU
 MSI AERO ITX OC  ,GeForce GTX 1660 SUPER,6.0,1530 MHz,1815 MHz,179 mm,0,0,379.99,GPU
 Asus TUF GAMING OC  ,Radeon RX 6700 XT,12.0,2321 MHz,,322 mm,5,2,645.77,GPU
 Asus DUAL OC  ,Radeon RX 7600,8.0,1720 MHz,2745 MHz,245 mm,0,0,279.86,GPU
 EVGA FTW3 GAMING  ,GeForce RTX 3090 Ti,24.0,1560 MHz,1890 MHz,300 mm,0,0,1723.0,GPU
 PNY VCQRTX6000-PB  ,Quadro RTX 6000,24.0,1440 MHz,1770 MHz,267 mm,5,1,2099.0,GPU
 Zotac GAMING AMP Holo  ,GeForce RTX 3070,8.0,1500 MHz,1785 MHz,291 mm,5,3,629.9,GPU
 EVGA XC GAMING  ,GeForce RTX 2060,12.0,1365 MHz,1680 MHz,268 mm,4,1,489.99,GPU
 MAXSUN iCraft Limited Edition OC  ,GeForce RTX 4070 Ti,12.0,2310 MHz,2385 MHz,336 mm,0,0,969.98,GPU
 PowerColor Hellhound Spectral  ,Radeon RX 6700 XT,12.0,2321 MHz,2581 MHz,305 mm,4,3,1323.0,GPU
 Gigabyte GV-N105TD5-4GD  ,GeForce GTX 1050 Ti,4.0,1290 MHz,1430 MHz,172 mm,4,11,312.99,GPU
 PNY VCQP2000-PB  ,Quadro P2000,5.0,1370 MHz,1470 MHz,201 mm,0,0,227.65,GPU
 Palit JetStream  ,GeForce RTX 4080,16.0,2205 MHz,2505 MHz,329 mm,0,0,1291.34,GPU
 Asus ROG STRIX GAMING OC  ,Radeon RX 6700 XT,12.0,2321 MHz,,322 mm,5,6,969.0,GPU
 Asus DUAL  ,Radeon RX 6650 XT,8.0,2055 MHz,2689 MHz,243 mm,5,2,429.99,GPU
 EVGA Gaming iCX  ,GeForce GTX 1080 Ti,11.0,1569 MHz,1683 MHz,300 mm,5,60,1199.99,GPU
 EVGA SSC ACX 2.0+  ,GeForce GTX 960,4.0,1279 MHz,1342 MHz,257 mm,5,15,399.0,GPU
 Asus KO Gaming OC  ,GeForce RTX 3070,8.0,1500 MHz,1845 MHz,275 mm,5,12,689.0,GPU
 PNY VCQP1000-PB  ,Quadro P1000,4.0,1354 MHz,1455 MHz,145 mm,0,0,197.76,GPU
 MSI DUKE  ,GeForce GTX 1070 Ti,8.0,1607 MHz,1683 MHz,312 mm,5,8,599.0,GPU
 Sparkle ECO  ,Arc A310,4.0,1750 MHz,1000 MHz,156 mm,0,0,99.99,GPU
 Asus DUAL OC  ,GeForce RTX 2080 Ti,11.0,1350 MHz,,268 mm,5,2,889.0,GPU
 ASRock Phantom Gaming D OC  ,Radeon RX 6900 XT,16.0,1925 MHz,2340 MHz,330 mm,5,3,999.0,GPU
 Asus TUF GAMING OC V2  ,GeForce RTX 3060 Ti LHR,8.0,1410 MHz,1785 MHz,301 mm,5,6,619.99,GPU
 MSI VENTUS 3X 8GD6X OC  ,GeForce RTX 3060 Ti,8.0,1410 MHz,1695 MHz,305 mm,0,0,630.24,GPU
 EVGA SC ULTRA GAMING  ,GeForce GTX 1660 Ti,6.0,1500 MHz,1845 MHz,202 mm,5,15,549.99,GPU
 Gainward Ghost  ,GeForce RTX 4060 Ti,8.0,2310 MHz,2535 MHz,250 mm,0,0,470.46,GPU
 EVGA SC ULTRA GAMING  ,GeForce GTX 1650 G5,4.0,1485 MHz,1860 MHz,202 mm,5,4,278.0,GPU
 Gigabyte OC  ,GeForce GTX 1050,2.0,1379 MHz,1518 MHz,191 mm,5,5,299.99,GPU
 Palit GamingPro  ,GeForce RTX 4070 Ti SUPER,16.0,2340 MHz,2610 MHz,329 mm,0,0,1101.21,GPU
 Gigabyte EAGLE OC  ,GeForce RTX 3080 10GB,10.0,1440 MHz,1755 MHz,320 mm,5,4,999.99,GPU
 MSI RX 580 8G V1  ,Radeon RX 580,8.0,1257 MHz,1340 MHz,198 mm,4,3,257.91,GPU
 MSI MECH 2X  ,Radeon RX 6700 XT,12.0,2321 MHz,,247 mm,5,5,669.22,GPU
 AMD 100-506115  ,Radeon Pro WX 3200,4.0,1250 MHz,1290 MHz,168 mm,5,1,138.29,GPU
 AMD RADEON PRO WX 7100  ,Radeon Pro WX 7100,8.0,900 MHz,1080 MHz,242 mm,5,1,268.01,GPU
 EVGA Black  ,GeForce RTX 2070,8.0,1410 MHz,1620 MHz,269 mm,5,6,974.0,GPU
 MSI GAMING  ,Radeon R9 390,8.0,1000 MHz,1060 MHz,277 mm,5,61,399.0,GPU
 EVGA XC3 ULTRA GAMING  ,GeForce RTX 3080 12GB LHR,12.0,1260 MHz,1755 MHz,285 mm,5,1,1377.32,GPU
 Asus DUAL OC V2  ,GeForce GTX 1650 G6,4.0,1410 MHz,1650 MHz,212 mm,0,0,179.99,GPU
 Sparkle TITAN OC  ,Arc A750,8.0,2050 MHz,2300 MHz,306 mm,0,0,239.99,GPU
 Gigabyte WINDFORCE OC  ,GeForce GTX 1650 G5,4.0,1485 MHz,1710 MHz,191 mm,4,5,339.0,GPU
 MSI GAMING X  ,Radeon RX 6700 XT,12.0,2321 MHz,,279 mm,5,4,799.99,GPU
 Gigabyte GAMING  ,Radeon RX 570,4.0,1168 MHz,1255 MHz,232 mm,5,11,469.99,GPU
 MSI VENTUS 2X OC  ,GeForce RTX 3070 LHR,8.0,1500 MHz,1755 MHz,232 mm,5,5,659.0,GPU
 Asus STRIX GAMING OC  ,Radeon RX 5600 XT,6.0,1247 MHz,1770 MHz,304 mm,5,4,549.0,GPU
 Asus DUAL  ,GeForce RTX 3060 8GB,8.0,1320 MHz,1807 MHz,200 mm,0,0,334.99,GPU
 MSI Radeon RX 6900 XT GAMING Z TRIO 16G  ,Radeon RX 6900 XT,16.0,1825 MHz,2425 MHz,324 mm,0,0,1247.97,GPU
 MSI VENTUS 3X PLUS OC  ,GeForce RTX 3080 10GB LHR,10.0,1440 MHz,1740 MHz,305 mm,5,5,899.95,GPU
 AMD 100-300000075  ,Radeon PRO W7800,32.0,1855 MHz,2499 MHz,280 mm,0,0,2499.0,GPU
 NVIDIA 900-1G500-2500-000  ,Titan V,12.0,1200 MHz,1455 MHz,267 mm,5,1,2517.53,GPU
 Gigabyte GV-N105TOC-4GD  ,GeForce GTX 1050 Ti,4.0,1341 MHz,1455 MHz,191 mm,5,18,350.0,GPU
 Zotac GAMING Trinity  ,GeForce RTX 4070,12.0,1920 MHz,2475 MHz,307 mm,0,0,738.52,GPU
 EVGA FTW3 ULTRA GAMING iCX3  ,GeForce RTX 3070 LHR,8.0,1500 MHz,1815 MHz,300 mm,5,2,679.0,GPU
 Zotac GAMING Twin Edge OC Spider-Man: Across the Spider-Verse  ,GeForce RTX 4070,12.0,1920 MHz,2490 MHz,226 mm,0,0,649.99,GPU
 Inno3D Twin X2  ,GeForce RTX 4070,12.0,1920 MHz,2475 MHz,250 mm,4,4,877.39,GPU
 MSI VENTUS 3X PLUS OC  ,GeForce RTX 3080 12GB LHR,12.0,1260 MHz,1740 MHz,305 mm,5,8,1199.0,GPU
 XFX GTS  ,Radeon RX 580,8.0,1257 MHz,1405 MHz,270 mm,5,9,259.95,GPU
 Gigabyte AORUS XTREME  ,GeForce RTX 3090,24.0,1395 MHz,1860 MHz,319 mm,5,3,1799.0,GPU
 Inno3D Twin X2 OC  ,GeForce RTX 4060,8.0,1830 MHz,2490 MHz,250 mm,0,0,382.89,GPU
 Gigabyte AORUS MASTER Rev 2.0  ,GeForce RTX 3070 LHR,8.0,1500 MHz,1845 MHz,290 mm,5,3,989.0,GPU
 Palit JetStream OC  ,GeForce RTX 4070 SUPER,12.0,1980 MHz,2640 MHz,329 mm,0,0,851.88,GPU
 PNY VCQP620-PB  ,Quadro P620,2.0,1266 MHz,1354 MHz,145 mm,5,1,93.53,GPU
 Zotac ZT-71310-10L  ,GeForce GT 710,2.0,954 MHz,,157 mm,0,0,72.07,GPU
 MSI GeForce GTX 1630 VENTUS XS 4G OC  ,GeForce GTX 1630,4.0,1740 MHz,,178 mm,0,0,171.05,GPU
 Asus Turbo EVO  ,GeForce RTX 2060 SUPER,8.0,1500 MHz,1680 MHz,268 mm,0,0,695.0,GPU
 Zotac GAMING Trinity  ,GeForce RTX 3070 Ti,8.0,1575 MHz,1770 MHz,318 mm,0,0,639.99,GPU
 EVGA KO GAMING  ,GeForce RTX 2060,6.0,1365 MHz,1680 MHz,202 mm,5,24,475.0,GPU
 MSI VENTUS XS OC  ,GeForce RTX 2060,6.0,1365 MHz,1710 MHz,205 mm,4,20,549.99,GPU
 Zotac ZT-P10300A-10L  ,GeForce GT 1030,2.0,1227 MHz,1468 MHz,173 mm,3,1,89.99,GPU
 XFX Speedster MERC 308 Black  ,Radeon RX 6600 XT,8.0,2188 MHz,2607 MHz,274 mm,5,2,425.99,GPU
 AMD 100-506001  ,Radeon Pro WX 2100,2.0,925 MHz,1219 MHz,145 mm,0,0,79.98,GPU
 PNY XLR8 Gaming REVEL EPIC-X RGB Dual Fan  ,GeForce RTX 3060 12GB,12.0,1320 MHz,,247 mm,5,3,645.64,GPU
 Asus KO GAMING OC V2  ,GeForce RTX 3060 Ti LHR,8.0,1410 MHz,1785 MHz,275 mm,5,4,659.0,GPU
 Gigabyte WINDFORCE  ,GeForce RTX 4080,16.0,2205 MHz,2505 MHz,330 mm,0,0,1646.89,GPU
 Gigabyte EAGLE  ,GeForce RTX 3070,8.0,1500 MHz,1725 MHz,282 mm,5,10,589.9,GPU
 MSI VENTUS 3X  ,GeForce RTX 4080,16.0,2205 MHz,2520 MHz,322 mm,0,0,1359.9,GPU
 MSI D6 VENTUS XS OC  ,GeForce GTX 1650 G6,4.0,1410 MHz,1620 MHz,178 mm,5,1,229.95,GPU
 EVGA XC3 BLACK GAMING  ,GeForce RTX 3070,8.0,1500 MHz,1725 MHz,285 mm,5,10,789.99,GPU
 MSI N730-2GD3V3  ,GeForce GT 730,2.0,700 MHz,,145 mm,0,0,113.94,GPU
 MSI ARMOR OC  ,Radeon RX 570,8.0,1168 MHz,1268 MHz,246 mm,5,27,489.0,GPU
 PNY VCQP400-PB  ,Quadro P400,2.0,1070 MHz,1170 MHz,145 mm,4,1,99.0,GPU
 EVGA FTW3 ULTRA GAMING  ,GeForce RTX 2070 SUPER,8.0,1605 MHz,1815 MHz,302 mm,5,15,1029.0,GPU
 Asus Phoenix OC V2  ,GeForce GTX 1650 G6,4.0,1410 MHz,1635 MHz,174 mm,0,0,160.0,GPU
 MSI GAMING X TRIO  ,GeForce RTX 3060 Ti,8.0,1410 MHz,1830 MHz,323 mm,5,10,639.0,GPU
 Asus TURBO-GTX1070-8G  ,GeForce GTX 1070,8.0,1506 MHz,1683 MHz,267 mm,5,15,579.0,GPU
 Asus TUF GAMING OC P  ,GeForce GTX 1650 G6,4.0,1410 MHz,1785 MHz,206 mm,0,0,169.99,GPU
 Gigabyte GAMING OC Rev 2.0  ,GeForce RTX 3080 10GB LHR,10.0,1440 MHz,1800 MHz,320 mm,5,2,978.03,GPU
 Zotac GAMING Trinity OC  ,GeForce RTX 3080 12GB LHR,12.0,1260 MHz,1725 MHz,318 mm,5,1,1372.0,GPU
 ASRock OC Formula  ,Radeon RX 6900 XT,16.0,2125 MHz,2475 MHz,332 mm,5,2,1666.36,GPU
 EVGA Black  ,GeForce RTX 2080 Ti,11.0,1350 MHz,1545 MHz,270 mm,5,12,1499.99,GPU
 ASRock Phantom Gaming D OC  ,Radeon RX 6750 XT,12.0,2150 MHz,2623 MHz,305 mm,0,0,582.35,GPU
 Asus Phoenix OC  ,GeForce GTX 1650 G5,4.0,1485 MHz,1710 MHz,190 mm,5,7,241.26,GPU
 MSI ARMOR OC  ,GeForce GTX 1660 Ti,6.0,1500 MHz,1860 MHz,243 mm,0,0,328.61,GPU
 Palit Dual  ,GeForce RTX 4060 Ti,8.0,2310 MHz,2535 MHz,250 mm,0,0,497.49,GPU
 HP C2J92AA  ,Quadro K600,1.0,876 MHz,,160 mm,5,1,72.98,GPU
 Asus Phoenix EVO  ,GeForce GTX 1650 G6,4.0,1410 MHz,1620 MHz,197 mm,0,0,164.99,GPU
 PowerColor Hellhound  ,Radeon RX 6600,8.0,1626 MHz,2491 MHz,220 mm,3,3,349.99,GPU
 PNY RTX A-Series  ,RTX A2000 6GB,6.0,562 MHz,1200 MHz,167 mm,4,1,470.0,GPU
 EVGA Superclocked ACX 2.0  ,GeForce GTX 980,4.0,1266 MHz,1367 MHz,267 mm,5,52,374.99,GPU
 PNY VCQM2000-PB  ,Quadro M2000,4.0,872 MHz,1180 MHz,168 mm,4,1,107.19,GPU
 Gigabyte GAMING OC  ,Radeon RX 6900 XT,16.0,1825 MHz,2285 MHz,286 mm,5,3,1720.23,GPU
 MSI VENTUS  ,GeForce RTX 2080,8.0,1515 MHz,1710 MHz,268 mm,5,3,849.0,GPU
 Palit Dual OC  ,GeForce RTX 4070 SUPER,12.0,1980 MHz,2550 MHz,269 mm,0,0,808.96,GPU
 Asus Phoenix  ,Radeon RX 550 - 512,2.0,1100 MHz,1183 MHz,192 mm,0,0,127.98,GPU
 Gigabyte WINDFORCE  ,GeForce GTX 760,4.0,1085 MHz,1150 MHz,292 mm,5,5,183.89,GPU
 VisionTek 901491  ,Radeon HD 6570,1.0,480 MHz,,150 mm,0,0,59.99,GPU
 Asus TUF GAMING OC V2  ,GeForce RTX 3070 LHR,8.0,1500 MHz,1845 MHz,300 mm,5,5,659.9,GPU
 MSI D6 GAMING X  ,GeForce GTX 1650 G6,4.0,1410 MHz,1710 MHz,245 mm,5,3,225.94,GPU
 Asus DUAL  ,Radeon RX 6400,4.0,1923 MHz,,201 mm,0,0,187.56,GPU
 AMD 100-506189  ,Radeon PRO W6400,4.0,2331 MHz,2331 MHz,168 mm,0,0,229.99,GPU
 Gigabyte GAMING OC  ,GeForce RTX 3080 12GB LHR,12.0,1260 MHz,1755 MHz,320 mm,5,4,1239.9,GPU
 Gigabyte GAMING OC PRO  ,Radeon RX 6600 XT,8.0,1968 MHz,2607 MHz,282 mm,5,2,427.4,GPU
 MSI GeForce RTX 3070 VENTUS 3X  ,GeForce RTX 3070,8.0,1500 MHz,1725 MHz,305 mm,5,2,740.0,GPU
 Asus GTXTITANX-12GD5  ,GeForce GTX Titan X,12.0,1075 MHz,1000 MHz,267 mm,5,2,1698.0,GPU
 Asus ROG STRIX OC  ,Radeon RX 7600,8.0,1720 MHz,2755 MHz,281 mm,0,0,379.0,GPU
 HP 20X24AT  ,RTX A4000,16.0,735 MHz,1560 MHz,242 mm,0,0,1219.99,GPU
 XFX RX-560D2SFG5  ,Radeon RX 560 - 896,2.0,1196 MHz,,211 mm,0,0,109.99,GPU
 EVGA FTW2 GAMING iCX  ,GeForce GTX 1070 Ti,8.0,1607 MHz,1683 MHz,267 mm,5,8,699.0,GPU
 Asus Phoenix  ,Radeon RX 6400,4.0,1923 MHz,,196 mm,0,0,153.94,GPU
 AMD RADEON PRO WX 5100  ,Radeon Pro WX 5100,8.0,926 MHz,1206 MHz,173 mm,0,0,207.91,GPU
 Asus STRIX  ,GeForce GTX 980,4.0,1178 MHz,1279 MHz,289 mm,5,22,379.0,GPU
 EVGA XC3 BLACK GAMING  ,GeForce RTX 3080 10GB LHR,10.0,1440 MHz,1710 MHz,285 mm,0,0,889.9,GPU
 Sapphire TOXIC Limited Edition  ,Radeon RX 6900 XT,16.0,1825 MHz,2600 MHz,270 mm,5,1,1509.67,GPU
 PNY XLR8 Gaming EPIC-X RGB  ,GeForce RTX 3090,24.0,1395 MHz,1695 MHz,294 mm,5,1,1549.0,GPU
 XFX Speedster QICK 308 ULTRA  ,Radeon RX 6650 XT,8.0,2055 MHz,2689 MHz,274 mm,5,1,527.19,GPU
 EVGA FTW3 ULTRA HYBRID GAMING iCX3  ,GeForce RTX 3080 Ti,12.0,1365 MHz,1800 MHz,300 mm,0,0,1499.0,GPU
 Asus Phoenix  ,GeForce RTX 3060 12GB,12.0,1320 MHz,1807 MHz,177 mm,5,1,449.0,GPU
 XFX Black Edition  ,Radeon RX 580,8.0,1405 MHz,1425 MHz,279 mm,5,2,273.03,GPU
 EVGA FTW3 BLACK GAMING  ,GeForce RTX 3090 Ti,24.0,1560 MHz,1860 MHz,300 mm,0,0,1698.99,GPU
 EVGA 01G-P3-2711-KR  ,GeForce GT 710,1.0,954 MHz,,115 mm,3,1,49.99,GPU
 MSI GeForce RTX 3070 Ventus 3X 8G OC LHR  ,GeForce RTX 3070 LHR,8.0,1500 MHz,1755 MHz,305 mm,4,1,619.99,GPU
 Zotac GAMING Twin Edge OC Spider-Man: Across the Spider-Verse  ,GeForce RTX 4060 Ti,8.0,2310 MHz,2550 MHz,226 mm,0,0,500.45,GPU
 AMD 100-506163  ,Radeon Pro VII,16.0,1400 MHz,1700 MHz,305 mm,0,0,599.95,GPU
 Gigabyte GAMING OC Rev 2.0  ,GeForce RTX 3060 Ti LHR,8.0,1410 MHz,1740 MHz,282 mm,4,8,667.98,GPU
 XFX Speedster SWFT 319  ,Radeon RX 6900 XT,16.0,1825 MHz,2250 MHz,340 mm,0,0,779.99,GPU
 PNY T-Series  ,T400 4GB,4.0,420 MHz,1425 MHz,156 mm,0,0,189.99,GPU
 MSI GAMING X TRIO  ,GeForce GTX 1080 Ti,11.0,1569 MHz,1683 MHz,325 mm,5,8,699.0,GPU
 Gigabyte OC Rev 2.0  ,GeForce RTX 2060,6.0,1365 MHz,1755 MHz,226 mm,0,0,399.99,GPU
 Asus TUF GAMING OC  ,GeForce RTX 3050 8GB,8.0,1550 MHz,1875 MHz,272 mm,0,0,309.99,GPU
 Asus GTX750TI-PH-2GD5  ,GeForce GTX 750 Ti,2.0,1020 MHz,1085 MHz,182 mm,4,4,271.91,GPU
 PNY VCQP5000-PB  ,Quadro P5000,16.0,1607 MHz,1733 MHz,,4,1,627.76,GPU
 Asus DirectCU II  ,GeForce GTX 760,2.0,1006 MHz,,218 mm,5,45,299.0,GPU
 MSI AERO  ,GeForce GTX 1070 Ti,8.0,1607 MHz,1683 MHz,269 mm,5,2,549.0,GPU
 Asus Phoenix OC  ,GeForce GTX 1660,6.0,1530 MHz,1830 MHz,174 mm,4,4,429.0,GPU
 XFX Speedster SWFT 105  ,Radeon RX 6400,4.0,1923 MHz,,155 mm,4,2,372.65,GPU
 Asus DUAL OC  ,GeForce RTX 3060 Ti,8.0,1410 MHz,1740 MHz,269 mm,5,13,840.0,GPU
 Gigabyte AORUS MASTER  ,GeForce RTX 4070 Ti,12.0,2310 MHz,2670 MHz,342 mm,3,1,1445.06,GPU
 EVGA XC3 ULTRA GAMING iCX3  ,GeForce RTX 3070 LHR,8.0,1500 MHz,1770 MHz,285 mm,5,3,659.0,GPU
 EVGA XC HYBRID GAMING  ,GeForce RTX 2080 SUPER,8.0,1650 MHz,1830 MHz,266 mm,4,6,899.95,GPU
 Asus ROG STRIX GAMING OC  ,Radeon RX 6650 XT,8.0,2055 MHz,2694 MHz,281 mm,5,2,459.99,GPU
 MSI Founders Edition  ,GeForce GTX 1080 Ti,11.0,1480 MHz,1582 MHz,267 mm,5,8,679.0,GPU
 Sapphire NITRO+  ,Radeon RX 6900 XT,16.0,1825 MHz,2285 MHz,310 mm,4,6,1399.0,GPU
 Asus ROG STRIX OC EVA  ,GeForce RTX 3090,24.0,1395 MHz,1890 MHz,318 mm,0,0,2399.0,GPU
 MSI GAMING  ,GeForce GTX 1060 6GB,6.0,1506 MHz,1746 MHz,277 mm,5,5,555.0,GPU
 MSI DUKE OC  ,GeForce GTX 1080 Ti,11.0,1531 MHz,1645 MHz,320 mm,5,6,679.0,GPU
 Sapphire NITRO+  ,Radeon RX 6800,16.0,1700 MHz,,310 mm,5,3,889.99,GPU
 PNY VCQ410-PB  ,Quadro 410,0.5,706 MHz,,176 mm,0,0,59.0,GPU
 Zotac AMP Extreme  ,GeForce GTX 1070 Ti,8.0,1607 MHz,1683 MHz,325 mm,5,5,549.0,GPU
 EVGA 02G-P4-6333-KR  ,GeForce GT 1030,2.0,1290 MHz,1544 MHz,145 mm,5,2,149.99,GPU
 Palit JetStream OC  ,GeForce RTX 4060 Ti,16.0,2310 MHz,2595 MHz,250 mm,0,0,577.38,GPU
 PNY VCQP600-PB  ,Quadro P600,2.0,1354 MHz,1455 MHz,145 mm,0,0,94.01,GPU
 AMD 100-506085  ,Radeon Pro W5700,8.0,1243 MHz,1930 MHz,267 mm,0,0,293.83,GPU
 VisionTek 900356  ,Radeon HD 5450,2.0,,,,2,1,66.34,GPU
 Gainward NE6306T019P2-190AB  ,GeForce RTX 3060 Ti LHR,8.0,1410 MHz,1665 MHz,247 mm,5,1,495.0,GPU
 Gigabyte AORUS XTREME WATERFORCE  ,GeForce RTX 3080 10GB,10.0,1440 MHz,1845 MHz,252 mm,5,1,1879.0,GPU
 Asus DUAL MINI OC  ,GeForce GTX 1650 G6,4.0,1410 MHz,1650 MHz,200 mm,4,1,251.98,GPU
 PowerColor Red Devil OC  ,Radeon RX 6900 XT,16.0,2015 MHz,2340 MHz,332 mm,0,0,749.99,GPU
 EVGA Founders Edition  ,GeForce GTX 1080,8.0,1607 MHz,1733 MHz,267 mm,5,8,598.0,GPU
 XFX RX-68XTACBD9  ,Radeon RX 6800 XT,16.0,1925 MHz,2360 MHz,340 mm,5,2,799.0,GPU
 EVGA FTW3 ULTRA GAMING  ,GeForce RTX 2080 SUPER,8.0,1650 MHz,1845 MHz,302 mm,5,11,1289.0,GPU
 Asus EVO  ,GeForce GT 730,2.0,902 MHz,927 MHz,170 mm,0,0,91.07,GPU
 AMD 100-300000077  ,Radeon PRO W7600,8.0,1720 MHz,2440 MHz,241 mm,0,0,599.0,GPU
 Inno3D Twin X2 OC  ,GeForce RTX 4070,12.0,1920 MHz,2505 MHz,250 mm,0,0,676.26,GPU
 PNY VCGGTX10502PB  ,GeForce GTX 1050,2.0,1354 MHz,1455 MHz,178 mm,5,4,154.22,GPU
 Asus ROG STRIX GAMING OC V2  ,GeForce RTX 3070 LHR,8.0,1500 MHz,1935 MHz,318 mm,5,1,676.97,GPU
 PowerColor Low Profile  ,Radeon RX 6400,4.0,1923 MHz,,155 mm,0,0,159.0,GPU
 XFX Speedster QICK 319 Core  ,Radeon RX 6800,16.0,1700 MHz,2105 MHz,340 mm,0,0,499.99,GPU
 EVGA 02G-P3-2717-KR  ,GeForce GT 710,2.0,954 MHz,,115 mm,0,0,99.99,GPU
 Sapphire PULSE  ,Radeon RX VEGA 56,8.0,1208 MHz,1512 MHz,282 mm,5,9,570.89,GPU
 EVGA SC2 Gaming iCX  ,GeForce GTX 1070,8.0,1594 MHz,1784 MHz,267 mm,5,4,428.0,GPU
 PNY Blower  ,GeForce RTX 2080 Ti,11.0,1350 MHz,1545 MHz,267 mm,0,0,999.0,GPU
 Palit JetStream  ,GeForce RTX 4070,12.0,1920 MHz,2475 MHz,329 mm,0,0,709.2,GPU
 Palit JetStream  ,GeForce RTX 4070 Ti,12.0,2310 MHz,2610 MHz,329 mm,0,0,929.34,GPU
 Asus KO OC  ,GeForce RTX 3060 Ti,8.0,1410 MHz,1785 MHz,275 mm,4,1,599.0,GPU
 Inno3D X3 OC  ,GeForce RTX 4070,12.0,1920 MHz,2505 MHz,297 mm,0,0,1005.06,GPU
 AMD 100-506095  ,Radeon Pro W5500,8.0,1354 MHz,1900 MHz,241 mm,4,1,255.56,GPU
 NVIDIA Star Wars Galactic Empire  ,Titan Xp,12.0,1481 MHz,1582 MHz,267 mm,5,2,1099.0,GPU
 Gigabyte AORUS MASTER  ,Radeon RX 6800 XT,16.0,1825 MHz,2310 MHz,324 mm,5,1,1899.0,GPU
 Asus Phoenix OC  ,GeForce GTX 1650 G6,4.0,1410 MHz,1665 MHz,174 mm,0,0,209.99,GPU
 Asus Turbo  ,GeForce RTX 2080 Ti,11.0,1350 MHz,,269 mm,5,2,1289.0,GPU
 ASRock RX6500XT CLI 4G:  ,Radeon RX 6500 XT,4.0,2310 MHz,2815 MHz,179 mm,0,0,139.99,GPU
 Gigabyte AORUS ELITE Rev 2.0  ,GeForce RTX 3060 Ti LHR,8.0,1410 MHz,1785 MHz,296 mm,0,0,645.94,GPU
 Inno3D X3  ,GeForce RTX 4080,16.0,2205 MHz,2535 MHz,328 mm,0,0,1459.59,GPU
 Gigabyte AORUS XTREME WATERFORCE  ,GeForce RTX 3090 Ti,24.0,1560 MHz,1935 MHz,238 mm,0,0,1849.0,GPU
 PNY T-Series  ,T1000 4GB,4.0,1065 MHz,1395 MHz,156 mm,0,0,333.57,GPU
 Gigabyte AORUS XTREME  ,GeForce RTX 3080 Ti,12.0,1365 MHz,1770 MHz,320 mm,5,2,1499.99,GPU
 AMD 100-506208  ,Radeon PRO W6600,8.0,2331 MHz,2580 MHz,241 mm,0,0,569.99,GPU
 Inno3D Twin X2 OC  ,GeForce RTX 4060,8.0,1830 MHz,2490 MHz,250 mm,0,0,372.38,GPU
 MSI GeForce RTX 3070 Suprim X 8G LHR  ,GeForce RTX 3070 LHR,8.0,1500 MHz,1920 MHz,335 mm,0,0,799.0,GPU
 Asus ROG STRIX LC GAMING OC  ,GeForce RTX 3080 Ti,12.0,1365 MHz,1860 MHz,293 mm,4,1,1669.0,GPU
 Asus DUAL V2  ,GeForce GTX 1650 G6,4.0,1410 MHz,1620 MHz,212 mm,2,1,174.99,GPU
 Asus ROG-STRIX-LC-RX6900XT-T16G-GAMING  ,Radeon RX 6900 XT,16.0,1825 MHz,2525 MHz,277 mm,0,0,1929.82,GPU
 AMD 100-300000006  ,Radeon PRO W7700,16.0,1900 MHz,2600 MHz,241 mm,0,0,999.0,GPU
 Inno3D Twin X2  ,GeForce RTX 4060 Ti,8.0,2310 MHz,2535 MHz,250 mm,0,0,468.22,GPU
 AMD 100-300000078  ,Radeon PRO W7500,8.0,1500 MHz,1700 MHz,216 mm,0,0,429.0,GPU
 PowerColor AXRX 580 8GBD5-3DHDV2/OC  ,Radeon RX 580,8.0,1257 MHz,1350 MHz,255 mm,4,10,407.95,GPU
 Asus STRIX GAMING  ,GeForce RTX 2080 Ti,11.0,1350 MHz,1560 MHz,305 mm,5,5,1079.0,GPU
 Inno3D iChill X4  ,GeForce RTX 3070 Ti,8.0,1575 MHz,1830 MHz,300 mm,5,1,1125.89,GPU
 Asus TUF GAMING V2  ,GeForce RTX 3070 LHR,8.0,1500 MHz,1755 MHz,300 mm,0,0,549.9,GPU
 Gigabyte AORUS MASTER  ,GeForce RTX 3090,24.0,1395 MHz,1785 MHz,319 mm,0,0,1798.0,GPU
 PNY VCGGTX10808PB  ,GeForce GTX 1080,8.0,1607 MHz,1733 MHz,267 mm,5,1,668.6,GPU
 VisionTek SFF  ,Radeon HD 7750,2.0,800 MHz,,130 mm,0,0,129.99,GPU
 AMD 100-505957  ,Radeon Pro WX 9100,16.0,1200 MHz,1500 MHz,267 mm,0,0,946.96,GPU
 XFX GTS  ,Radeon RX 580,8.0,1405 MHz,1425 MHz,270 mm,4,3,279.95,GPU
 Zotac ZT-70601-10M  ,GeForce GTX 750 Ti,2.0,1033 MHz,1111 MHz,144 mm,5,1,450.0,GPU
 PNY VCQK2200-PB  ,Quadro K2200,4.0,1046 MHz,,202 mm,0,0,137.35,GPU
 EVGA Black  ,GeForce RTX 2080,8.0,1515 MHz,1710 MHz,269 mm,5,12,849.0,GPU
 EVGA 01G-P4-2650-KR  ,GeForce GTX 650,1.0,1058 MHz,,170 mm,4,9,219.99,GPU
 EVGA GAMING  ,GeForce GTX 1070 Ti,8.0,1607 MHz,1683 MHz,267 mm,4,5,699.0,GPU
 Sapphire Toxic Extreme Edition  ,Radeon RX 6900 XT,16.0,1825 MHz,2525 MHz,270 mm,5,2,1782.2,GPU
 Gigabyte EAGLE OC  ,GeForce RTX 3090,24.0,1395 MHz,1725 MHz,320 mm,0,0,1379.95,GPU
 PNY VCQP2200-SB  ,Quadro P2200,5.0,1000 MHz,1493 MHz,201 mm,0,0,385.16,GPU
 PNY T-Series  ,T600,4.0,735 MHz,1335 MHz,156 mm,0,0,282.58,GPU
 Asus TUF GAMING OC  ,GeForce RTX 3060 Ti,8.0,1410 MHz,1785 MHz,301 mm,5,15,799.99,GPU
 Asus KO GAMING OC V2  ,GeForce RTX 3070 LHR,8.0,1500 MHz,1845 MHz,275 mm,5,4,689.0,GPU
 EVGA 01G-P3-1302-LR  ,GeForce 8400 GS,1.0,520 MHz,,158 mm,5,2,100.12,GPU
 PNY XLR8 Gaming VERTO EPIC-X RGB OC  ,GeForce RTX 4060,8.0,1830 MHz,2505 MHz,260 mm,0,0,421.0,GPU
 XFX RX-580P427D6  ,Radeon RX 580,4.0,1366 MHz,1386 MHz,270 mm,0,0,489.0,GPU
 EVGA Superclocked ACX  ,GeForce GTX 780 Ti,3.0,1006 MHz,1072 MHz,266 mm,5,42,799.95,GPU
 EVGA GAMING  ,GeForce GTX 1080 Ti,11.0,1480 MHz,1582 MHz,267 mm,5,2,679.0,GPU
 GALAX EX Gamer  ,GeForce RTX 4070,12.0,1920 MHz,2550 MHz,323 mm,0,0,559.99,GPU
 VisionTek 900270  ,Radeon HD 4350,0.5,575 MHz,,,2,1,65.0,GPU
 Asus GT730-SL-2GD3-BRK  ,GeForce GT 730,2.0,902 MHz,,137 mm,0,0,128.02,GPU
 Gigabyte GV-N730D5-2GL  ,GeForce GT 730,2.0,902 MHz,,150 mm,0,0,114.9,GPU
 Palit GamingPro OC  ,GeForce RTX 4070 Ti SUPER,16.0,2340 MHz,2670 MHz,329 mm,0,0,1118.76,GPU
 PNY VCQK1200DP-PB  ,Quadro K1200,4.0,1058 MHz,1124 MHz,160 mm,0,0,128.19,GPU
 EVGA FTW ULTRA SILENT GAMING  ,GeForce GTX 1070 Ti,8.0,1607 MHz,1683 MHz,267 mm,5,11,699.0,GPU
 Asus KO OC V2  ,GeForce RTX 3060 12GB,12.0,1320 MHz,1882 MHz,275 mm,0,0,609.18,GPU
 EVGA XC3 BLACK GAMING  ,GeForce RTX 3080 12GB LHR,12.0,1260 MHz,1710 MHz,285 mm,0,0,999.0,GPU
 Zotac ZT-71113-20L  ,GeForce GT 730,2.0,902 MHz,,146 mm,4,2,106.53,GPU
 EVGA FTW ACX 2.0  ,GeForce GTX 950,2.0,1203 MHz,1405 MHz,257 mm,5,8,349.99,GPU
 Asus STRIX GAMING Advanced  ,GeForce GTX 1660 Ti,6.0,1500 MHz,1830 MHz,301 mm,5,3,455.0,GPU
 PNY Dual  ,GeForce GTX 1660 SUPER,6.0,1530 MHz,1785 MHz,235 mm,0,0,720.95,GPU
 EVGA ACX 3.0  ,GeForce GTX 1080,8.0,1607 MHz,1733 MHz,267 mm,5,3,598.0,GPU
 PNY VCQK420-2GB-PB  ,Quadro K420,2.0,876 MHz,891 MHz,160 mm,0,0,99.96,GPU
 MSI ARMOR OC  ,GeForce GTX 1060 6GB,6.0,1506 MHz,1708 MHz,279 mm,5,4,399.0,GPU
 Asus STRIX GAMING Advanced  ,GeForce RTX 2080 Ti,11.0,1350 MHz,,305 mm,5,2,979.0,GPU
 PNY VCGGT10302PB  ,GeForce GT 1030,2.0,1227 MHz,1468 MHz,,3,2,119.99,GPU
 Gigabyte EAGLE  ,GeForce RTX 3050 8GB,8.0,1550 MHz,1777 MHz,213 mm,0,0,520.49,GPU
 Asus R7240-2GD3-L  ,Radeon R7 240,2.0,730 MHz,,159 mm,4,2,146.31,GPU
 Asus TUF GAMING  ,GeForce GTX 1650 SUPER,4.0,1530 MHz,1755 MHz,206 mm,5,2,346.23,GPU
 PowerColor Red Dragon  ,Radeon RX VEGA 56,8.0,1177 MHz,1478 MHz,305 mm,5,4,479.0,GPU
 PNY VCQ2000D-PB  ,Quadro 2000D,1.0,625 MHz,,178 mm,0,0,64.98,GPU
 HP J3G93AT  ,FirePro W7100,8.0,920 MHz,,241 mm,0,0,174.69,GPU
 EVGA XC GAMING  ,GeForce RTX 2070,8.0,1410 MHz,1710 MHz,269 mm,5,8,1020.52,GPU
 MSI GT LP  ,GeForce GT 710,1.0,954 MHz,,129 mm,0,0,58.02,GPU
 Gigabyte AORUS MASTER  ,Radeon RX 6800,16.0,1700 MHz,2190 MHz,324 mm,0,0,1546.53,GPU
 ATI FirePro 2270  ,FirePro 2270,0.5,600 MHz,,170 mm,0,0,99.98,GPU
 MSI GAMING  ,GeForce RTX 2060,6.0,1365 MHz,1680 MHz,247 mm,5,2,559.99,GPU
 ASRock Challenger D OC  ,Radeon RX 5500 XT,4.0,1685 MHz,1845 MHz,241 mm,4,3,139.0,GPU
 AMD 100-505724  ,FirePro W7100,8.0,824 MHz,,279 mm,0,0,174.69,GPU
 MSI DUKE OC  ,GeForce GTX 1080,8.0,1708 MHz,1847 MHz,312 mm,5,16,598.0,GPU
 PNY VCQK4200-PB  ,Quadro K4200,4.0,771 MHz,,241 mm,5,1,139.99,GPU
 PowerColor AXRX 560 4GBD5-DHA  ,Radeon RX 560 - 896,4.0,115 MHz,1176 MHz,225 mm,5,1,345.0,GPU
 Zotac GAMING Twin Edge OC  ,GeForce RTX 3070 LHR,8.0,1500 MHz,1755 MHz,232 mm,5,2,599.9,GPU
 Gigabyte AORUS MASTER  ,GeForce RTX 3080 12GB LHR,12.0,1260 MHz,1830 MHz,319 mm,5,1,1449.99,GPU
 EVGA XC3 BLACK GAMING  ,GeForce RTX 3080 10GB,10.0,1440 MHz,1710 MHz,285 mm,5,1,1099.0,GPU
 Gigabyte AORUS MASTER Rev 2.0  ,GeForce RTX 3080 10GB LHR,10.0,1440 MHz,1845 MHz,319 mm,0,0,1439.0,GPU
 MSI WAVE  ,Radeon RX VEGA 64,8.0,1406 MHz,1677 MHz,283 mm,0,0,399.99,GPU
 AMD FirePro W9100  ,FirePro W9100,16.0,930 MHz,,275 mm,0,0,796.99,GPU
 XFX Speedster QICK 319 Core  ,Radeon RX 6700 XT,12.0,2321 MHz,2581 MHz,323 mm,0,0,1019.0,GPU
 XFX Black Edition  ,Radeon RX 570,8.0,1168 MHz,1328 MHz,243 mm,1,1,537.0,GPU
 Zotac GAMING AMP Core Holo  ,GeForce RTX 3090,24.0,1395 MHz,1755 MHz,328 mm,0,0,1599.0,GPU
 MSI DUKE  ,GeForce RTX 2070,8.0,1410 MHz,1755 MHz,314 mm,5,2,675.0,GPU
 EVGA GAMING  ,GeForce GTX 1070,8.0,1506 MHz,1683 MHz,267 mm,4,1,585.0,GPU
 PowerColor Red Devil  ,Radeon RX 570,4.0,1168 MHz,1320 MHz,310 mm,4,2,492.58,GPU
 Sapphire TOXIC Limited Edition  ,Radeon RX 6900 XT,16.0,1825 MHz,2600 MHz,270 mm,0,0,1197.99,GPU
 Palit StormX  ,GeForce RTX 2060,6.0,1365 MHz,1680 MHz,168 mm,0,0,1289.0,GPU
 PNY VCQM5000-PB  ,Quadro M5000,8.0,861 MHz,1038 MHz,267 mm,0,0,259.74,GPU
 Lenovo 4X61D97085  ,RTX A5000,24.0,1170 MHz,1695 MHz,267 mm,0,0,2549.99,GPU
 EVGA Founders Edition  ,GeForce GTX 1080 Ti,11.0,1480 MHz,1582 MHz,267 mm,5,14,699.0,GPU
 EVGA Superclocked  ,GeForce GT 740,4.0,1085 MHz,,153 mm,4,4,249.99,GPU
 Gainward Phoenix  ,GeForce RTX 4070 Ti,12.0,2310 MHz,2610 MHz,329 mm,0,0,1554.31,GPU
 EVGA FTW2 GAMING iCX  ,GeForce GTX 1070,8.0,1607 MHz,1797 MHz,267 mm,5,9,579.0,GPU
 PowerColor ITX  ,Radeon RX 6400,4.0,1923 MHz,,165 mm,0,0,221.95,GPU
 EVGA XC3 BLACK GAMING  ,GeForce RTX 3070 LHR,8.0,1500 MHz,1725 MHz,285 mm,0,0,749.99,GPU
 EVGA FTW3 GAMING  ,GeForce RTX 2080 Ti,11.0,1350 MHz,1545 MHz,302 mm,0,0,1079.0,GPU
 VisionTek 900574  ,Radeon HD 7750,1.0,,,170 mm,0,0,136.99,GPU
 Palit Dual OC  ,GeForce RTX 4060 Ti,8.0,2310 MHz,2685 MHz,250 mm,0,0,539.69,GPU
 Zotac AMP Extreme Holo  ,GeForce RTX 3080 Ti,12.0,1365 MHz,1785 MHz,356 mm,0,0,2276.13,GPU
 EVGA FTW+ GAMING  ,GeForce GTX 1060 3GB,3.0,1632 MHz,1860 MHz,267 mm,5,1,399.0,GPU
 EVGA XC3 ULTRA HYBRID GAMING  ,GeForce RTX 3080 12GB LHR,12.0,1260 MHz,1755 MHz,263 mm,5,1,1329.0,GPU
 EVGA 02G-P4-6332-KR  ,GeForce GT 1030,2.0,1290 MHz,1544 MHz,145 mm,0,0,119.99,GPU
 Asus STRIX-R9390-DC3OC-8GD5-GAMING  ,Radeon R9 390,8.0,1050 MHz,,300 mm,5,14,399.0,GPU
 XFX RX-VEGMTBFX6  ,Radeon RX VEGA 64,8.0,1247 MHz,1546 MHz,283 mm,5,2,549.0,GPU
 NVIDIA Star Wars Jedi Order  ,Titan Xp,12.0,1481 MHz,1582 MHz,267 mm,0,0,1099.0,GPU
 Gigabyte AORUS XTREME WATERFORCE  ,GeForce RTX 3080 12GB LHR,12.0,1260 MHz,1830 MHz,252 mm,0,0,1998.0,GPU
 Sapphire NITRO+  ,Radeon RX 6650 XT,8.0,2055 MHz,2694 MHz,260 mm,0,0,520.0,GPU
 Asus TUF GAMING OC  ,GeForce GTX 1630,4.0,1740 MHz,1845 MHz,204 mm,0,0,215.68,GPU
 PNY VCQK6000-PB  ,Quadro K6000,12.0,902 MHz,,267 mm,0,0,326.95,GPU
 PNY VCG84512D3SPPB  ,GeForce 8400 GS,0.5,520 MHz,,,0,0,99.99,GPU
 Gigabyte WINDFORCE  ,Radeon R9 270X,4.0,1050 MHz,1100 MHz,297 mm,5,9,355.71,GPU
 Zotac GAMING Trinity  ,GeForce RTX 3080 Ti,12.0,1365 MHz,1665 MHz,318 mm,0,0,1989.99,GPU
 Gigabyte Radeon RX VEGA 56 8G  ,Radeon RX VEGA 56,8.0,1156 MHz,1471 MHz,280 mm,0,0,479.0,GPU
 Lenovo 4X61J52234  ,T400 4GB,4.0,420 MHz,1425 MHz,156 mm,0,0,169.25,GPU
 PNY VCQK4000-PB  ,Quadro K4000,3.0,810 MHz,,241 mm,0,0,120.5,GPU
 Asus GT710-SL-2GD5  ,GeForce GT 710,2.0,954 MHz,,167 mm,4,2,219.55,GPU
 XFX Speedster MERC 319 Ultra  ,Radeon RX 6900 XT,16.0,1925 MHz,2340 MHz,340 mm,5,3,1799.99,GPU
 VisionTek 900614  ,Radeon HD 7750,2.0,,,,0,0,218.86,GPU
 PNY VCQ4000-PB  ,Quadro 4000,2.0,,,,4,2,139.71,GPU
 Asus 90YV0810-U0NA00  ,GeForce GTX Titan X,12.0,1000 MHz,1075 MHz,282 mm,0,0,1698.0,GPU
 EVGA XC BLACK GAMING  ,GeForce RTX 3050 8GB,8.0,1550 MHz,1777 MHz,202 mm,3,1,529.0,GPU
 Inno3D iChill X3  ,GeForce RTX 4070 Ti,12.0,2310 MHz,2670 MHz,334 mm,0,0,942.72,GPU
 AMD FirePro 2460  ,FirePro 2460,0.5,,,,0,0,99.0,GPU
 Asus Turbo  ,GeForce RTX 2060,6.0,1365 MHz,1710 MHz,268 mm,4,1,499.0,GPU
 PNY XLR8 Gaming Overclocked Edition  ,GeForce RTX 2080 Ti,11.0,1350 MHz,1635 MHz,302 mm,0,0,1989.0,GPU
 EVGA SC ULTRA GAMING  ,GeForce GTX 1650 G6,4.0,1410 MHz,1710 MHz,202 mm,5,1,244.78,GPU
 MSI D3 LP  ,GeForce GT 710,2.0,954 MHz,,145 mm,0,0,64.99,GPU
 EVGA SSC GAMING  ,GeForce GTX 1060 3GB,3.0,1607 MHz,1835 MHz,267 mm,0,0,399.0,GPU
 Asus DUAL  ,GeForce RTX 2060,6.0,1365 MHz,1680 MHz,270 mm,0,0,698.97,GPU
 AMD FirePro W9000  ,FirePro W9000,6.0,975 MHz,,279 mm,0,0,342.96,GPU
 ATI FirePro V3800  ,FirePro V3800,0.5,650 MHz,,168 mm,0,0,98.98,GPU
 ATI 100-505532  ,FirePro 2450,0.5,,,,0,0,96.96,GPU
 XFX Speedster MERC 319  ,Radeon RX 6900 XT,16.0,1825 MHz,2365 MHz,340 mm,0,0,2002.49,GPU
 XFX Speedster QICK 319 BLACK  ,Radeon RX 6800,16.0,1850 MHz,2190 MHz,340 mm,0,0,668.42,GPU
 AMD FirePro W2100  ,FirePro W2100,2.0,630 MHz,,,0,0,108.96,GPU
 EVGA GAMING  ,GeForce GTX 1060 6GB,6.0,1506 MHz,1708 MHz,267 mm,5,3,399.0,GPU
 EVGA XC ULTRA BLACK GAMING  ,GeForce GTX 1660 Ti,6.0,1500 MHz,1770 MHz,268 mm,5,1,429.99,GPU
 Asus STRIX GAMING Advanced  ,GeForce RTX 2070,8.0,1410 MHz,1680 MHz,300 mm,5,3,675.0,GPU
 PNY VCGGTX9804XPB-CG  ,GeForce GTX 980,4.0,1126 MHz,1216 MHz,267 mm,5,4,299.0,GPU
 EVGA 01G-P3-1303-KR  ,GeForce 8400 GS,1.0,520 MHz,,158 mm,0,0,74.98,GPU
 PNY VCQK1200DVI-PB  ,Quadro K1200,4.0,1058 MHz,1124 MHz,160 mm,0,0,129.43,GPU
 EVGA SC2 Gaming iCX  ,GeForce GTX 1080,8.0,1708 MHz,1847 MHz,267 mm,5,12,598.0,GPU
 AMD FirePro 2270  ,FirePro 2270,0.5,600 MHz,,170 mm,0,0,99.98,GPU
 Dell 469-4186  ,Quadro K600,1.0,876 MHz,,160 mm,0,0,72.98,GPU
 Asus ROG STRIX  ,Radeon RX 480,8.0,1120 MHz,1286 MHz,298 mm,5,4,579.0,GPU
 EVGA DT GAMING  ,GeForce GTX 1080 Ti,11.0,1480 MHz,1582 MHz,300 mm,5,2,749.0,GPU
 EVGA 512-P2-N430-LR  ,GeForce 7200 GS,0.5,,,,0,0,99.99,GPU
 PNY VCQK2000-PB  ,Quadro K2000,2.0,,,198 mm,0,0,111.0,GPU
 AMD FirePro V7900 SDI  ,FirePro V7900 SDI,2.0,725 MHz,,279 mm,0,0,119.99,GPU
 PNY VCNVS810DVI-PB  ,NVS 810,4.0,1020 MHz,,241 mm,0,0,849.96,GPU
 PNY VCQ6000-PB  ,Quadro 6000,6.0,,,,0,0,329.99,GPU
 ATI FirePro 2460  ,FirePro 2460,0.5,600 MHz,,170 mm,0,0,99.0,GPU
 Asus EAH6450 SILENT/DI/512MD3,Radeon HD 6450,0.5,625 MHz,,177 mm,0,0,112.96,GPU
 XFX RX-VEGMLBFX6  ,Radeon RX VEGA 56,8.0,1156 MHz,1471 MHz,280 mm,5,1,479.0,GPU
 EVGA 01G-P3-2621-KR  ,GeForce GT 620,1.0,700 MHz,,144 mm,4,2,156.67,GPU
 Gigabyte GV-R545-1GI  ,Radeon HD 5450,1.0,650 MHz,,182 mm,0,0,89.99,GPU
 Palit GamingPro OC  ,GeForce RTX 4070,12.0,1920 MHz,2595 MHz,329 mm,0,0,735.89,GPU
 Asus STRIX GAMING OC  ,GeForce GTX 1650 G5,4.0,1485 MHz,1860 MHz,242 mm,0,0,507.15,GPU
 ATI FirePro 2450 Multi-View  ,FirePro 2450,0.5,600 MHz,,168 mm,0,0,119.9,GPU
 HP C2J93AT  ,Quadro K2000,2.0,954 MHz,,202 mm,4,1,129.99,GPU
 Inno3D N30602-08D6-11902130  ,GeForce RTX 3050 8GB,8.0,1320 MHz,1777 MHz,240 mm,0,0,390.69,GPU
 EVGA 01G-P3-1526-KR  ,GeForce GT 520,1.0,810 MHz,,144 mm,0,0,139.0,GPU
 PowerColor Red Devil Limited Edition  ,Radeon RX 6900 XT,16.0,1825 MHz,2340 MHz,320 mm,0,0,1999.99,GPU
 PNY VCQ5000-PB  ,Quadro 5000,2.5,,,,0,0,196.99,GPU
 PNY VCQ450NVS-X16-DVI-PB  ,Quadro NVS 450,0.5,550 MHz,,,0,0,136.86,GPU
 PNY VCQK420-PB  ,Quadro K420,1.0,876 MHz,,160 mm,0,0,99.96,GPU
 Asus GT730-SL-1GD3-BRK  ,GeForce GT 730,1.0,902 MHz,,137 mm,0,0,138.02,GPU
 Asus TUF GAMING V2  ,GeForce RTX 3060 Ti LHR,8.0,1410 MHz,1695 MHz,301 mm,0,0,619.9,GPU
 Lenovo 4X61J52233  ,T1000 8GB,8.0,1065 MHz,1395 MHz,156 mm,0,0,433.35,GPU
 PNY VCQ450NVS-X16-PB  ,Quadro NVS 450,0.5,,,,0,0,108.99,GPU
 EVGA 768-P3-1360-RX  ,GeForce GTX 460,0.75,675 MHz,,209 mm,0,0,447.0,GPU
 Galaxy 68NPH6DV5ZGX  ,GeForce GTX 680,2.0,1006 MHz,,254 mm,0,0,738.0,GPU
 AMD FirePro W4100  ,FirePro W4100,2.0,630 MHz,,171 mm,0,0,126.96,GPU
 Asus Founders Edition  ,GeForce GTX 1080,8.0,1607 MHz,1733 MHz,267 mm,4,3,659.0,GPU
 PowerColor AX5450 512MK3-SH  ,Radeon HD 5450,0.5,650 MHz,,,0,0,69.57,GPU
 EVGA 02G-P3-2617-KR  ,GeForce GT 610,2.0,,,,0,0,99.99,GPU
 PNY VCQK5000-PB  ,Quadro K5000,4.0,706 MHz,,267 mm,0,0,393.94,GPU
 HP 5Z7D8AT  ,T1000 8GB,8.0,1065 MHz,1395 MHz,156 mm,0,0,426.86,GPU
 PNY VCQK2000D-PB  ,Quadro K2000D,2.0,,,198 mm,4,1,199.99,GPU
 ATI FirePro W5000  ,FirePro W5000,2.0,825 MHz,,183 mm,0,0,149.99,GPU
 ATI FirePro V7900 SDI  ,FirePro V7900 SDI,2.0,725 MHz,,279 mm,0,0,119.99,GPU
 ATI FirePro S9150  ,FirePro S9150,16.0,900 MHz,,267 mm,0,0,599.96,GPU
 PowerColor TurboDuo  ,Radeon R9 280X,3.0,850 MHz,1000 MHz,265 mm,4,2,497.99,GPU
 ATI FirePro W600  ,FirePro W600,2.0,600 MHz,,163 mm,0,0,299.99,GPU
 HP J3G92AT  ,FirePro W5100,4.0,930 MHz,,171 mm,0,0,179.99,GPU
 ATI FirePro W7000  ,FirePro W7000,4.0,950 MHz,,242 mm,0,0,189.96,GPU
 ATI FirePro W5000  ,FirePro W5000,2.0,825 MHz,,191 mm,0,0,149.99,GPU
 EVGA K|NGP|N ACX 2.0+  ,GeForce GTX 980,4.0,1304 MHz,1418 MHz,279 mm,0,0,900.25,GPU
 VisionTek 901507  ,Radeon RX 550 - 512,4.0,1100 MHz,1071 MHz,184 mm,0,0,219.99,GPU
 ATI 100-505637  ,FirePro V3900,1.0,,,,0,0,129.99,GPU
 Lenovo 0B47392  ,Quadro K2000,2.0,954 MHz,,202 mm,0,0,129.99,GPU
 ATI FirePro S9050  ,FirePro S9050,12.0,900 MHz,,254 mm,0,0,899.99,GPU
 HP C2J93AA  ,Quadro K2000,2.0,,,203 mm,0,0,129.99,GPU
 PNY VCQ4000MAC-PB  ,Quadro 4000,2.0,,,,0,0,221.01,GPU
 ATI FirePro W8000  ,FirePro W8000,4.0,900 MHz,,279 mm,0,0,269.95,GPU
 XFX PVT95GYAJ2  ,GeForce 9500 GT,0.5,550 MHz,,167 mm,0,0,199.99,GPU
 HP FirePro W7000  ,FirePro W7000,4.0,950 MHz,,242 mm,0,0,189.96,GPU
 ATI FirePro S7000  ,FirePro S7000,4.0,950 MHz,,292 mm,0,0,299.99,GPU
 HP C2J94AT  ,Quadro K4000,3.0,810 MHz,,241 mm,0,0,199.99,GPU
 ATI 100-505553  ,FirePro V5700,0.5,,,,0,0,129.99,GPU
 ATI FirePro RG220A  ,FirePro RG220A,0.5,800 MHz,,168 mm,0,0,120.0,GPU
 ATI FirePro V8800  ,FirePro V8800,2.0,825 MHz,,267 mm,0,0,279.95,GPU
