Name,Socket,Form Factor,Max Memory,Memory Slots,Rating,Rating Count,Price
 Asus ROG STRIX B650-A GAMING WIFI  ,AM5,ATX,192 GB,4,5, 23,259.99
 MSI B650 GAMING PLUS WIFI  ,AM5,ATX,192 GB,4,5, 6,159.99
 MSI B760 GAMING PLUS WIFI  ,LGA1700,ATX,192 GB,4,5, 4,159.99
 MSI B550 GAMING GEN3  ,AM4,ATX,128 GB,4,4, 3,99.99
 MSI PRO Z790-A MAX WIFI  ,LGA1700,ATX,192 GB,4,5, 4,239.99
 Gigabyte B650 GAMING X AX  ,AM5,ATX,192 GB,4,5, 21,190.71
 Gigabyte B550M K  ,AM4,Micro ATX,128 GB,4,4, 5,84.99
 MSI MAG B650 TOMAHAWK WIFI  ,AM5,ATX,192 GB,4,5, 48,199.99
 ASRock B660M Pro RS  ,LGA1700,Micro ATX,128 GB,4,5, 12,94.99
 MSI PRO B650M-A WIFI  ,AM5,Micro ATX,192 GB,4,5, 16,149.99
 MSI B450M-A PRO MAX II  ,AM4,Micro ATX,64 GB,2,0, 0,69.98
 ASRock B650M Pro RS WiFi  ,AM5,Micro ATX,192 GB,4,5, 19,210.35
 Asus ROG STRIX B550-F GAMING WIFI II  ,AM4,ATX,128 GB,4,5, 18,189.99
 Asus PRIME B550M-A WIFI II  ,AM4,Micro ATX,128 GB,4,4, 11,129.99
 Gigabyte B650 AORUS ELITE AX  ,AM5,ATX,192 GB,4,4, 65,209.99
 MSI MAG B550 TOMAHAWK MAX WIFI  ,AM4,ATX,128 GB,4,5, 15,169.99
 ASRock B650M Pro RS  ,AM5,Micro ATX,192 GB,4,5, 6,129.99
 Gigabyte Z790 AORUS ELITE AX  ,LGA1700,ATX,192 GB,4,5, 17,229.99
 Asus ROG MAXIMUS Z790 DARK HERO  ,LGA1700,ATX,192 GB,4,5, 3,649.99
 Asus ROG STRIX B650E-F GAMING WIFI  ,AM5,ATX,192 GB,4,4, 37,261.62
 MSI PRO B650M-P  ,AM5,Micro ATX,192 GB,4,5, 7,119.99
 MSI MAG Z790 TOMAHAWK WIFI  ,LGA1700,ATX,192 GB,4,5, 24,229.99
 MSI PRO B550M-VC WIFI  ,AM4,Micro ATX,128 GB,4,5, 36,109.99
 MSI MAG X670E TOMAHAWK WIFI  ,AM5,ATX,192 GB,4,5, 11,279.99
 Asus TUF GAMING B550-PLUS WIFI II  ,AM4,ATX,128 GB,4,4, 22,164.92
 MSI PRO B760-P WIFI DDR4  ,LGA1700,ATX,128 GB,4,5, 6,159.99
 MSI PRO Z790-P WIFI  ,LGA1700,ATX,192 GB,4,5, 20,189.99
 Gigabyte B650 AORUS ELITE AX ICE  ,AM5,ATX,192 GB,4,5, 5,219.99
 MSI B550-A PRO  ,AM4,ATX,128 GB,4,5, 110,109.99
 Asus ROG STRIX Z790-A GAMING WIFI II  ,LGA1700,ATX,192 GB,4,0, 0,335.99
 Asus TUF GAMING B650-PLUS WIFI  ,AM5,ATX,128 GB,4,4, 15,212.0
 MSI B550M PRO-VDH WIFI  ,AM4,Micro ATX,128 GB,4,5, 106,119.99
 Asus ROG STRIX Z790-E GAMING WIFI II  ,LGA1700,ATX,192 GB,4,5, 3,479.99
 MSI PRO B650-S WIFI  ,AM5,ATX,192 GB,4,5, 2,159.99
 Asus Prime B450M-A II  ,AM4,Micro ATX,128 GB,4,5, 18,71.98
 ASRock B550M Pro4  ,AM4,Micro ATX,128 GB,4,5, 40,99.99
 Asus ROG STRIX B760-I GAMING WIFI  ,LGA1700,Mini ITX,96 GB,2,4, 13,210.99
 MSI PRO H610M-G DDR4  ,LGA1700,Micro ATX,64 GB,2,5, 4,89.0
 ASRock A620M Pro RS WiFi  ,AM5,Micro ATX,192 GB,4,5, 4,159.99
 MSI B450M PRO-VDH MAX  ,AM4,Micro ATX,64 GB,4,4, 38,74.98
 MSI PRO A620M-E  ,AM5,Micro ATX,96 GB,2,4, 1,74.95
 ASRock A520M-HDV  ,AM4,Micro ATX,64 GB,2,4, 4,67.98
 Gigabyte B650I AORUS ULTRA  ,AM5,Mini ITX,96 GB,2,4, 24,249.99
 Asus ROG STRIX B650E-I GAMING WIFI  ,AM5,Mini ITX,96 GB,2,4, 26,311.99
 Asus TUF GAMING X670E-PLUS WIFI  ,AM5,ATX,192 GB,4,5, 13,280.99
 MSI PRO B650-P WIFI  ,AM5,ATX,192 GB,4,4, 18,189.99
 Asus ROG STRIX B550-A GAMING  ,AM4,ATX,128 GB,4,5, 65,169.0
 Asus TUF GAMING A520M-PLUS WIFI  ,AM4,Micro ATX,128 GB,4,4, 3,89.99
 Asus TUF GAMING Z790-PLUS WIFI  ,LGA1700,ATX,192 GB,4,5, 5,229.99
 Asus PRIME B760-PLUS  ,LGA1700,ATX,192 GB,4,4, 1,139.99
 ASRock B650I Lightning Wifi  ,AM5,Mini ITX,96 GB,2,5, 6,199.99
 Gigabyte B550M AORUS ELITE AX  ,AM4,Micro ATX,128 GB,4,0, 0,109.99
 Gigabyte A520I AC  ,AM4,Mini ITX,64 GB,2,5, 14,99.99
 ASRock B760M-HDV/M.2  ,LGA1700,Micro ATX,96 GB,2,5, 1,97.98
 Gigabyte B450M DS3H WIFI  ,AM4,Micro ATX,64 GB,4,4, 25,91.25
 Gigabyte B450M K  ,AM4,Micro ATX,64 GB,2,4, 1,79.59
 Asus TUF GAMING X570-PLUS ,AM4,ATX,128 GB,4,5, 241,192.99
 Asus TUF GAMING Z790-PRO WIFI  ,LGA1700,ATX,192 GB,4,5, 1,254.99
 Gigabyte B550M DS3H AC  ,AM4,Micro ATX,128 GB,4,4, 7,89.99
 NZXT N7 B650E  ,AM5,ATX,128 GB,4,4, 6,305.99
 MSI MPG B550 GAMING PLUS  ,AM4,ATX,128 GB,4,5, 75,159.99
 Gigabyte B650M AORUS ELITE AX  ,AM5,Micro ATX,192 GB,4,4, 19,169.99
 Gigabyte B550 UD AC  ,AM4,ATX,128 GB,4,5, 3,103.64
 Gigabyte B760M DS3H AX  ,LGA1700,Micro ATX,192 GB,4,5, 2,129.99
 Gigabyte B650 EAGLE AX  ,AM5,ATX,192 GB,4,0, 0,159.99
 NZXT N7 Z790  ,LGA1700,ATX,192 GB,4,4, 3,299.99
 MSI PRO B760M-P DDR4  ,LGA1700,Micro ATX,128 GB,4,3, 1,99.99
 Asus ROG STRIX Z690-E GAMING WIFI  ,LGA1700,ATX,192 GB,4,5, 17,219.99
 ASRock B450M/ac R2.0  ,AM4,Micro ATX,128 GB,4,5, 3,89.99
 Asus ROG STRIX X670E-E GAMING WIFI  ,AM5,ATX,192 GB,4,5, 12,449.99
 MSI PRO Z690-A WIFI  ,LGA1700,ATX,192 GB,4,5, 9,166.3
 Gigabyte B550 AORUS ELITE AX V2  ,AM4,ATX,128 GB,4,5, 36,139.99
 MSI MAG B550 TOMAHAWK  ,AM4,ATX,128 GB,4,5, 126,144.99
 Gigabyte Z790 AORUS ELITE X WIFI7  ,LGA1700,ATX,192 GB,4,0, 0,249.99
 MSI B450 Gaming Plus MAX  ,AM4,ATX,128 GB,4,5, 38,99.99
 MSI MAG B760 TOMAHAWK WIFI  ,LGA1700,ATX,192 GB,4,5, 6,179.99
 Gigabyte A620I AX  ,AM5,Mini ITX,96 GB,2,0, 0,129.99
 ASRock Z690M-ITX/ax  ,LGA1700,Mini ITX,64 GB,2,4, 13,134.99
 Asus ROG STRIX Z790-E GAMING WIFI  ,LGA1700,ATX,192 GB,4,5, 13,381.99
 Gigabyte B760M DS3H DDR4  ,LGA1700,Micro ATX,128 GB,4,5, 2,99.99
 Gigabyte H410M H V2  ,LGA1200,Micro ATX,64 GB,2,3, 1,73.2
 MSI MPG B650I EDGE WIFI  ,AM5,Mini ITX,96 GB,2,4, 12,261.02
 Gigabyte Z790 AORUS PRO X  ,LGA1700,ATX,192 GB,4,5, 3,319.99
 ASRock B650M-HDV/M.2  ,AM5,Micro ATX,96 GB,2,5, 4,119.99
 Gigabyte B550I AORUS PRO AX  ,AM4,Mini ITX,64 GB,2,4, 82,169.99
 Gigabyte B650M D3HP  ,AM5,Micro ATX,192 GB,4,0, 0,109.99
 MSI MEG Z790 GODLIKE MAX  ,LGA1700,EATX,192 GB,4,0, 0,1196.99
 Gigabyte X670 AORUS ELITE AX ,AM5,ATX,192 GB,4,4, 16,249.99
 ASRock B760M-H/M.2  ,LGA1700,Micro ATX,96 GB,2,5, 1,89.99
 Asus ROG CROSSHAIR X670E HERO  ,AM5,ATX,192 GB,4,5, 9,644.19
 ASRock A620I LIGHTNING WIFI  ,AM5,Mini ITX,96 GB,2,0, 0,139.99
 ASRock B760 Pro RS/D4  ,LGA1700,ATX,128 GB,4,5, 2,129.99
 ASRock B550M-ITX/ac  ,AM4,Mini ITX,64 GB,2,4, 35,129.99
 NZXT N7 B650E  ,AM5,ATX,128 GB,4,4, 5,305.99
 Gigabyte B550 GAMING X V2  ,AM4,ATX,128 GB,4,5, 12,104.41
 Asus ROG MAXIMUS Z790 FORMULA  ,LGA1700,ATX,192 GB,4,5, 1,724.0
 Gigabyte B550M DS3H  ,AM4,Micro ATX,128 GB,4,4, 28,121.87
 ASRock X670E Steel Legend  ,AM5,ATX,192 GB,4,5, 18,299.99
 Gigabyte B650 GAMING X AX V2  ,AM5,ATX,192 GB,4,5, 2,189.99
 Asus ROG STRIX B550-F GAMING  ,AM4,ATX,128 GB,4,5, 68,159.99
 Asus PRIME B650-PLUS  ,AM5,ATX,192 GB,4,5, 1,191.99
 MSI PRO B760M-A WIFI DDR4  ,LGA1700,Micro ATX,128 GB,4,4, 4,149.99
 Asus PRIME Z790-A WIFI  ,LGA1700,ATX,192 GB,4,5, 10,280.98
 Asus TUF GAMING B650M-PLUS WIFI  ,AM5,Micro ATX,192 GB,4,5, 2,215.99
 Asus ROG STRIX B760-A GAMING WIFI  ,LGA1700,ATX,192 GB,4,4, 5,217.99
 MSI MEG X570 UNIFY  ,AM4,ATX,128 GB,4,5, 51,209.99
 Gigabyte X670 GAMING X AX V2  ,AM5,ATX,192 GB,4,0, 0,209.99
 ASRock B650E PG RIPTIDE WIFI  ,AM5,ATX,192 GB,4,4, 7,199.99
 Gigabyte B760 GAMING X AX  ,LGA1700,ATX,192 GB,4,4, 4,159.99
 Asus PRIME Z790-P WIFI  ,LGA1700,ATX,192 GB,4,4, 11,226.58
 ASRock H610M-HVS  ,LGA1700,Micro ATX,64 GB,2,0, 0,69.98
 ASRock B550 Phantom Gaming 4/ac  ,AM4,ATX,128 GB,4,4, 5,99.99
 Gigabyte A520M DS3H V2  ,AM4,Micro ATX,128 GB,4,0, 0,89.8
 Asus PRIME A620-PLUS WIFI  ,AM5,ATX,192 GB,4,0, 0,139.99
 Asus PRIME Z790-V WIFI  ,LGA1700,ATX,192 GB,4,5, 2,239.99
 ASRock B450M PRO4 R2.0  ,AM4,Micro ATX,128 GB,4,0, 0,79.43
 Asus ROG STRIX X670E-F GAMING WIFI  ,AM5,ATX,192 GB,4,5, 8,379.99
 Gigabyte B650M DS3H  ,AM5,Micro ATX,192 GB,4,4, 5,146.65
 MSI PRO H610M-G WIFI DDR4  ,LGA1700,Micro ATX,64 GB,2,5, 2,99.99
 Gigabyte B650M K  ,AM5,Micro ATX,192 GB,4,4, 4,119.99
 MSI X670E GAMING PLUS WIFI  ,AM5,ATX,192 GB,4,4, 1,225.98
 Gigabyte B760I AORUS PRO  ,LGA1700,Mini ITX,96 GB,2,5, 5,189.99
 MSI A520M-A PRO  ,AM4,Micro ATX,64 GB,2,4, 4,69.99
 ASRock B550M PG RIPTIDE  ,AM4,Micro ATX,128 GB,4,5, 7,111.98
 Asus ProArt X670E-CREATOR WIFI  ,AM5,ATX,192 GB,4,5, 6,439.99
 Asus ROG STRIX B650E-E GAMING WIFI  ,AM5,ATX,192 GB,4,4, 7,336.99
 Asus ROG STRIX Z790-H GAMING WIFI  ,LGA1700,ATX,192 GB,4,5, 9,269.95
 Gigabyte A520M S2H  ,AM4,Micro ATX,64 GB,2,5, 11,84.99
 MSI PRO Z790-S WIFI  ,LGA1700,ATX,192 GB,4,0, 0,169.99
 Gigabyte Z790 AORUS ELITE X AX  ,LGA1700,ATX,192 GB,4,4, 1,229.99
 Gigabyte B760M C  ,LGA1700,Micro ATX,192 GB,4,5, 3,116.86
 NZXT N7 Z790  ,LGA1700,ATX,192 GB,4,5, 5,296.99
 Asus TUF GAMING A620M-PLUS WIFI  ,AM5,Micro ATX,192 GB,4,0, 0,145.99
 Gigabyte B650 AORUS ELITE AX V2  ,AM5,ATX,192 GB,4,5, 3,199.99
 MSI PRO Z690-A WIFI DDR4  ,LGA1700,ATX,128 GB,4,5, 16,180.96
 Asus PRIME X670E-PRO WIFI  ,AM5,ATX,192 GB,4,4, 6,298.99
 Asus ROG STRIX X670E-A GAMING WIFI  ,AM5,ATX,192 GB,4,4, 13,369.99
 ASRock B450M-HDV R4.0  ,AM4,Micro ATX,32 GB,2,4, 34,83.15
 Gigabyte Z790 GAMING X AX  ,LGA1700,ATX,192 GB,4,5, 5,179.99
 MSI MEG X670E GODLIKE  ,AM5,EATX,192 GB,4,0, 0,1241.99
 Asus PRIME B550-PLUS  ,AM4,ATX,128 GB,4,4, 6,114.99
 MSI MAG B760 TOMAHAWK WIFI DDR4  ,LGA1700,ATX,128 GB,4,5, 3,189.99
 ASRock B550M-HDV  ,AM4,Micro ATX,64 GB,2,4, 3,89.49
 ASRock Z690 Extreme  ,LGA1700,ATX,128 GB,4,5, 2,129.99
 Asus PRIME A320M-K  ,AM4,Micro ATX,32 GB,2,4, 16,72.8
 ASRock B650M PG RIPTIDE WIFI  ,AM5,Micro ATX,192 GB,4,5, 9,169.99
 Gigabyte Z790 AORUS ELITE AX ICE  ,LGA1700,ATX,192 GB,4,0, 0,239.99
 MSI MAG B650M MORTAR WIFI  ,AM5,Micro ATX,192 GB,4,4, 13,199.95
 Asus PRIME X670-P  ,AM5,ATX,192 GB,4,0, 0,194.99
 Asus ROG STRIX X670E-I GAMING WIFI  ,AM5,Mini ITX,96 GB,2,3, 1,424.99
 MSI MAG Z690 TOMAHAWK WIFI DDR4  ,LGA1700,ATX,128 GB,4,5, 28,251.99
 MSI PRO X670-P WIFI  ,AM5,ATX,192 GB,4,4, 9,230.73
 Asus ROG MAXIMUS Z790 HERO  ,LGA1700,ATX,192 GB,4,4, 15,529.99
 ASRock B760M Steel Legend WiFi  ,LGA1700,Micro ATX,192 GB,4,5, 6,207.11
 Gigabyte A520M K V2  ,AM4,Micro ATX,64 GB,2,0, 0,77.98
 MSI PRO B550-VC  ,AM4,ATX,128 GB,4,5, 6,139.94
 MSI MAG Z790 TOMAHAWK MAX WIFI  ,LGA1700,ATX,192 GB,4,0, 0,279.99
 Asus TUF GAMING B550M-PLUS WIFI II  ,AM4,Micro ATX,128 GB,4,4, 7,207.27
 MSI MAG B560M MORTAR WIFI  ,LGA1200,Micro ATX,128 GB,4,5, 4,260.0
 Asus ProArt Z790-CREATOR WIFI  ,LGA1700,ATX,192 GB,4,4, 4,439.99
 Gigabyte A620M S2H  ,AM5,Micro ATX,96 GB,2,2, 1,74.98
 Asus TUF GAMING Z790-PLUS WIFI D4  ,LGA1700,ATX,128 GB,4,5, 2,351.53
 MSI MPG Z690 EDGE WIFI DDR4  ,LGA1700,ATX,128 GB,4,5, 19,169.99
 MSI MPG X670E CARBON WIFI  ,AM5,ATX,192 GB,4,4, 10,409.99
 ASRock Z690 PG Velocita  ,LGA1700,ATX,192 GB,4,4, 1,149.99
 MSI MPG B650 EDGE WIFI  ,AM5,ATX,192 GB,4,4, 13,209.99
 MSI B450M-A PRO MAX  ,AM4,Micro ATX,32 GB,2,4, 7,95.03
 Asus ROG STRIX Z690-I GAMING WIFI  ,LGA1700,Mini ITX,96 GB,2,5, 8,212.57
 Asus PRIME B550-PLUS AC-HES  ,AM4,ATX,128 GB,4,0, 0,109.99
 MSI MPG Z790 EDGE WIFI  ,LGA1700,ATX,192 GB,4,5, 12,379.61
 MSI MPG Z790I EDGE WIFI  ,LGA1700,Mini ITX,96 GB,2,5, 4,306.95
 MSI PRO-H610M-E-DDR4  ,LGA1700,Micro ATX,64 GB,2,4, 1,92.72
 ASRock B450M/AC  ,AM4,Micro ATX,64 GB,4,5, 37,80.59
 MSI PRO Z790-A WIFI  ,LGA1700,ATX,192 GB,4,5, 7,219.99
 Asus PRIME-H610M-A-WIFI-D4  ,LGA1700,Micro ATX,64 GB,2,0, 0,117.79
 Asus ROG STRIX Z790-A GAMING WIFI D4  ,LGA1700,ATX,128 GB,4,5, 5,267.61
 Gigabyte B550M AORUS ELITE  ,AM4,Micro ATX,128 GB,4,4, 9,133.41
 Asus ROG STRIX Z790-F GAMING WIFI II  ,LGA1700,ATX,192 GB,4,0, 0,384.99
 MSI MPG Z790 EDGE TI MAX WIFI  ,LGA1700,ATX,192 GB,4,5, 2,329.99
 ASRock B650 PG LIGHTNING  ,AM5,ATX,192 GB,4,4, 4,199.99
 ASRock B550 Pro4  ,AM4,ATX,128 GB,4,5, 14,123.49
 ASRock B650 LiveMixer  ,AM5,ATX,192 GB,4,5, 2,149.99
 Asus ROG Crosshair VIII Dark Hero  ,AM4,ATX,128 GB,4,5, 51,429.0
 ASRock B550 Phantom Gaming 4  ,AM4,ATX,128 GB,4,4, 20,114.99
 MSI MPG B650 CARBON WIFI  ,AM5,ATX,192 GB,4,5, 4,316.95
 ASRock Fatal1ty B450 Gaming-ITX/ac  ,AM4,Mini ITX,64 GB,2,5, 83,146.84
 Asus PRIME H510M-A WIFI  ,LGA1200,Micro ATX,64 GB,2,0, 0,134.22
 ASRock X670E PG Lightning  ,AM5,ATX,192 GB,4,5, 6,239.99
 ASRock B550 Phantom Gaming-ITX/ax  ,AM4,Mini ITX,64 GB,2,4, 32,159.99
 ASRock A520M-HVS  ,AM4,Micro ATX,64 GB,2,4, 1,72.92
 Gigabyte B550 AORUS ELITE V2  ,AM4,ATX,128 GB,4,5, 23,156.99
 Asus PRIME X670-P WIFI  ,AM5,ATX,192 GB,4,0, 0,209.99
 Asus PRIME B660M-A WIFI D4  ,LGA1700,Micro ATX,128 GB,4,5, 8,176.03
 Asus ROG STRIX Z790-I GAMING WIFI  ,LGA1700,Mini ITX,96 GB,2,4, 3,439.99
 Gigabyte B650M GAMING X AX  ,AM5,Micro ATX,192 GB,4,5, 3,227.69
 ASRock B760M Pro RS/D4 WiFi  ,LGA1700,Micro ATX,128 GB,4,4, 2,148.99
 ASRock B450M Steel Legend  ,AM4,Micro ATX,64 GB,4,4, 75,108.53
 MSI MPG B760I EDGE WIFI  ,LGA1700,Mini ITX,96 GB,2,4, 2,219.95
 ASRock B550M Steel Legend  ,AM4,Micro ATX,128 GB,4,5, 29,124.99
 ASRock Z690 PG Riptide  ,LGA1700,ATX,128 GB,4,5, 2,124.99
 Asus TUF GAMING B760M-PLUS WIFI  ,LGA1700,Micro ATX,192 GB,4,0, 0,226.39
 Gigabyte H510M K V2  ,LGA1200,Micro ATX,64 GB,2,3, 1,86.92
 Asus ROG STRIX B760-A GAMING WIFI D4  ,LGA1700,ATX,128 GB,4,5, 4,300.75
 Asus PRIME H510M-K  ,LGA1200,Micro ATX,64 GB,2,4, 3,129.97
 MSI Z790 GAMING PRO WIFI  ,LGA1700,ATX,192 GB,4,4, 3,209.99
 MSI B760M GAMING PLUS WIFI  ,LGA1700,Micro ATX,192 GB,4,0, 0,204.54
 Gigabyte X670E AORUS MASTER ,AM5,EATX,192 GB,4,0, 0,429.99
 ASRock B760M-HDV/M.2 D4  ,LGA1700,Micro ATX,64 GB,2,0, 0,89.99
 Gigabyte B760M AORUS ELITE AX  ,LGA1700,Micro ATX,192 GB,4,4, 6,169.99
 Asus PRIME Z390-P  ,LGA1151,ATX,128 GB,4,4, 4,199.99
 MSI MPG Z790 CARBON WIFI  ,LGA1700,ATX,192 GB,4,5, 7,398.39
 Asus TUF GAMING B760-PLUS WIFI  ,LGA1700,ATX,192 GB,4,0, 0,199.99
 Gigabyte A620M GAMING X  ,AM5,Micro ATX,192 GB,4,0, 0,119.99
 Asus ROG STRIX Z790-F GAMING WIFI  ,LGA1700,ATX,192 GB,4,5, 1,309.99
 ASRock B450M Pro4  ,AM4,Micro ATX,128 GB,4,5, 132,122.61
 ASRock A520M-ITX/ac  ,AM4,Mini ITX,64 GB,2,4, 3,104.99
 Asus PRIME B660-PLUS D4  ,LGA1700,ATX,128 GB,4,4, 5,143.99
 Gigabyte Z790 UD AC  ,LGA1700,ATX,192 GB,4,4, 8,179.99
 Gigabyte B760 AORUS ELITE AX  ,LGA1700,ATX,192 GB,4,4, 1,169.99
 Asus TUF GAMING Z690-PLUS WIFI  ,LGA1700,ATX,192 GB,4,5, 10,209.7
 MSI PRO Z790-P WIFI DDR4  ,LGA1700,ATX,128 GB,4,5, 2,199.99
 MSI MAG B760M MORTAR WIFI II  ,LGA1700,Micro ATX,192 GB,4,5, 2,199.99
 ASRock B660M-HDV  ,LGA1700,Micro ATX,64 GB,2,4, 6,93.95
 Gigabyte B450M DS3H  ,AM4,Micro ATX,128 GB,4,4, 107,97.67
 Gigabyte H610I  ,LGA1700,Mini ITX,64 GB,2,0, 0,109.99
 ASRock X570 Phantom Gaming-ITX/TB3  ,AM4,Mini ITX,64 GB,2,4, 8,215.73
 Gigabyte X670E AORUS XTREME ,AM5,EATX,192 GB,4,0, 0,649.99
 ASRock H310CM-DVS  ,LGA1151,Micro ATX,32 GB,2,0, 0,73.52
 Asus TUF GAMING B650-PLUS  ,AM5,ATX,128 GB,4,4, 2,259.16
 ASRock X670E Taichi Carrara  ,AM5,EATX,192 GB,4,5, 2,522.99
 MSI PRO B550M-P GEN3  ,AM4,Micro ATX,128 GB,4,0, 0,129.99
 ASRock B650M-H/M.2+  ,AM5,Micro ATX,96 GB,2,5, 1,109.99
 Asus ROG MAXIMUS Z790 APEX ENCORE  ,LGA1700,ATX,96 GB,2,0, 0,649.99
 Asus ROG STRIX Z690-A GAMING WIFI D4  ,LGA1700,ATX,128 GB,4,5, 26,416.49
 Gigabyte B760M D3H  ,LGA1700,Micro ATX,192 GB,4,0, 0,144.99
 ASRock B760M PG Riptide  ,LGA1700,Micro ATX,192 GB,4,4, 3,129.99
 Gigabyte Z790 D AC  ,LGA1700,ATX,192 GB,4,0, 0,169.99
 MSI MEG X670E ACE  ,AM5,EATX,192 GB,4,4, 4,681.97
 Gigabyte Z790 AORUS MASTER X  ,LGA1700,EATX,192 GB,4,0, 0,449.99
 ASRock Z790 Nova WiFi  ,LGA1700,ATX,192 GB,4,5, 2,329.99
 Asus PRIME B450M-K II  ,AM4,Micro ATX,64 GB,2,0, 0,102.94
 Gigabyte B450 AORUS ELITE V2  ,AM4,ATX,128 GB,4,5, 10,124.39
 Gigabyte B650M D3HP AX  ,AM5,Micro ATX,192 GB,4,5, 1,189.78
 MSI MAG B550M MORTAR MAX WIFI  ,AM4,Micro ATX,128 GB,4,0, 0,159.99
 MSI PRO B650M-B  ,AM5,Micro ATX,96 GB,2,0, 0,135.16
 Asus PRIME Z390-A  ,LGA1151,ATX,128 GB,4,5, 65,322.16
 ASRock B550M Phantom Gaming 4  ,AM4,Micro ATX,128 GB,4,4, 3,111.17
 ASRock Z790M-ITX WIFI  ,LGA1700,Mini ITX,96 GB,2,4, 5,229.99
 ASRock B650E PG-ITX WIFI  ,AM5,Mini ITX,96 GB,2,4, 6,289.99
 ASRock Z790 Riptide WiFi  ,LGA1700,ATX,192 GB,4,0, 0,229.99
 Gigabyte Z390 AORUS PRO WIFI  ,LGA1151,ATX,128 GB,4,5, 56,398.0
 MSI Z790 GAMING PLUS WIFI  ,LGA1700,ATX,192 GB,4,0, 0,219.99
 Asus PRIME B450-PLUS  ,AM4,ATX,64 GB,4,4, 17,131.54
 ASRock B760M PG Lightning  ,LGA1700,Micro ATX,192 GB,4,0, 0,115.98
 ASRock X670E Taichi  ,AM5,EATX,192 GB,4,4, 4,499.99
 Asus TUF GAMING B450-PLUS II  ,AM4,ATX,128 GB,4,5, 2,165.73
 MSI Z490-A PRO  ,LGA1200,ATX,128 GB,4,5, 29,328.88
 Asus ROG STRIX B760-F GAMING WIFI  ,LGA1700,ATX,192 GB,4,0, 0,247.94
 Asus PRIME Z790M-PLUS  ,LGA1700,Micro ATX,192 GB,4,4, 1,196.99
 Asus ROG STRIX Z590-E GAMING WIFI  ,LGA1200,ATX,128 GB,4,4, 13,334.63
 MSI MAG B660 TOMAHAWK WIFI DDR4  ,LGA1700,ATX,128 GB,4,5, 24,235.49
 Gigabyte H610M S2H  ,LGA1700,Micro ATX,64 GB,2,0, 0,89.99
 Gigabyte Z790 AORUS XTREME X  ,LGA1700,EATX,192 GB,4,0, 0,999.99
 MSI PRO B760M-A WIFI  ,LGA1700,Micro ATX,192 GB,4,4, 2,169.99
 Asus PRIME B650M-A WIFI II  ,AM5,Micro ATX,192 GB,4,0, 0,227.83
 Gigabyte A520 AORUS ELITE  ,AM4,ATX,128 GB,4,5, 1,120.91
 MSI MEG Z790 GODLIKE  ,LGA1700,EATX,192 GB,4,0, 0,1143.96
 Asus ROG STRIX X570-E GAMING WIFI II  ,AM4,ATX,128 GB,4,4, 8,559.41
 Asus PRIME Z790-P WIFI D4  ,LGA1700,ATX,128 GB,4,4, 4,212.99
 Asus TUF GAMING B550-PLUS  ,AM4,ATX,128 GB,4,5, 25,176.82
 ASRock Z690 Phantom Gaming-ITX/TB4  ,LGA1700,Mini ITX,96 GB,2,5, 2,189.99
 MSI MEG Z690 ACE  ,LGA1700,EATX,192 GB,4,5, 3,249.95
 NZXT N7 B550  ,AM4,ATX,128 GB,4,5, 13,323.98
 MSI MEG Z790 ACE MAX  ,LGA1700,EATX,192 GB,4,0, 0,699.99
 Asus PRIME A520M-A II/CSM  ,AM4,Micro ATX,128 GB,4,4, 2,95.06
 ASRock B450 Steel Legend  ,AM4,ATX,64 GB,4,5, 38,125.38
 Gigabyte B760 DS3H AC DDR4  ,LGA1700,ATX,128 GB,4,0, 0,139.99
 ASRock B760 Pro RS  ,LGA1700,ATX,192 GB,4,0, 0,149.99
 Gigabyte B760I AORUS PRO DDR4  ,LGA1700,Mini ITX,64 GB,2,0, 0,189.99
 Asus PRIME B760M-A WIFI D4  ,LGA1700,Micro ATX,128 GB,4,0, 0,190.14
 ASRock B650 PRO RS  ,AM5,ATX,192 GB,4,4, 5,229.0
 Asus PRIME B550M-K  ,AM4,Micro ATX,128 GB,4,3, 1,119.5
 MSI MAG Z790 TOMAHAWK WIFI DDR4  ,LGA1700,ATX,128 GB,4,5, 4,279.0
 Gigabyte H610M S2H V2 DDR4  ,LGA1700,Micro ATX,64 GB,2,0, 0,89.99
 ASRock X570 Phantom Gaming 4  ,AM4,ATX,128 GB,4,4, 24,159.0
 Asus H110M-K  ,LGA1151,Micro ATX,32 GB,2,4, 6,185.23
 ASRock Z790 PG LIGHTNING  ,LGA1700,ATX,192 GB,4,5, 4,209.99
 MSI MPG Z790 CARBON WIFI II  ,LGA1700,ATX,192 GB,4,0, 0,479.99
 Asus TUF GAMING B760M-PLUS WIFI D4  ,LGA1700,Micro ATX,128 GB,4,5, 4,179.99
 ASRock Z790 PRO RS WIFI  ,LGA1700,ATX,192 GB,4,4, 5,189.99
 Gigabyte Z790I AORUS ULTRA  ,LGA1700,Mini ITX,96 GB,2,5, 3,289.99
 ASRock H370M-HDV  ,LGA1151,Micro ATX,64 GB,2,5, 1,74.98
 ASRock Z790 Pro RS  ,LGA1700,ATX,192 GB,4,4, 2,169.99
 ASRock B650E Taichi Lite  ,AM5,EATX,192 GB,4,5, 3,279.99
 MSI PRO B760M-P  ,LGA1700,Micro ATX,192 GB,4,0, 0,142.98
 ASRock H610M-HDV/M.2+ D5  ,LGA1700,Micro ATX,96 GB,2,0, 0,100.6
 Asus ROG STRIX B550-F GAMING ,AM4,ATX,128 GB,4,5, 112,389.99
 MSI MPG X570 GAMING EDGE WIFI  ,AM4,ATX,128 GB,4,4, 90,349.0
 Gigabyte Z690 AORUS ELITE AX DDR4  ,LGA1700,ATX,128 GB,4,4, 7,207.0
 Asus PRIME A520M-K  ,AM4,Micro ATX,64 GB,2,0, 0,89.99
 Gigabyte B450M DS3H V2  ,AM4,Micro ATX,128 GB,4,4, 9,141.55
 Gigabyte GA-H270N-WIFI  ,LGA1151,Mini ITX,32 GB,2,5, 9,196.0
 Gigabyte B450 AORUS PRO WIFI ,AM4,ATX,64 GB,4,4, 85,237.26
 ASRock B760M-ITX/D4 WiFi  ,LGA1700,Mini ITX,64 GB,2,0, 0,148.99
 ASRock Z690 Phantom Gaming 4/D5  ,LGA1700,ATX,192 GB,4,0, 0,129.99
 MSI MPG Z490 GAMING EDGE WIFI  ,LGA1200,ATX,128 GB,4,5, 40,378.39
 Asus ROG CROSSHAIR X670E GENE  ,AM5,Micro ATX,96 GB,2,5, 4,584.42
 Asus ROG MAXIMUS Z690 EXTREME  ,LGA1700,EATX,192 GB,4,4, 2,1099.99
 MSI MPG B760M EDGE TI WIFI  ,LGA1700,Micro ATX,192 GB,4,0, 0,229.99
 Gigabyte H510M S2H V3  ,LGA1200,Micro ATX,64 GB,2,0, 0,90.83
 ASRock X570 Phantom Gaming 4S  ,AM4,ATX,128 GB,4,5, 4,4175.55
 Asus ROG STRIX Z790-A GAMING WIFI  ,LGA1700,ATX,192 GB,4,4, 5,314.99
 Gigabyte B760M DS3H AX DDR4  ,LGA1700,Micro ATX,128 GB,4,4, 2,154.44
 ASRock B450 Pro4 R2.0  ,AM4,ATX,128 GB,4,5, 4,119.99
 ASRock H610M-ITX/ac  ,LGA1700,Mini ITX,64 GB,2,5, 1,147.94
 ASRock X670E Pro RS  ,AM5,ATX,192 GB,4,4, 5,249.99
 Asus PRIME B450M-A  ,AM4,Micro ATX,64 GB,4,4, 12,207.5
 Asus ROG STRIX Z390-E GAMING  ,LGA1151,ATX,128 GB,4,5, 69,389.99
 ASRock B650M PG RIPTIDE  ,AM5,Micro ATX,192 GB,4,4, 6,169.99
 ASRock B760M PG SONIC WiFi  ,LGA1700,Micro ATX,192 GB,4,5, 4,149.99
 Gigabyte Z790 AERO G  ,LGA1700,ATX,192 GB,4,5, 1,259.99
 Gigabyte B650 Gaming X  ,AM5,ATX,192 GB,4,0, 0,225.12
 ASRock Z690 Pro RS  ,LGA1700,ATX,128 GB,4,4, 4,122.98
 ASRock X570 Steel Legend WiFi ax  ,AM4,ATX,128 GB,4,4, 7,149.99
 Asus PRIME H610I-PLUS D4-CSM  ,LGA1700,Mini ITX,64 GB,2,2, 1,112.99
 Gigabyte B650E AORUS ELITE X AX ICE  ,AM5,ATX,192 GB,4,0, 0,279.99
 ASRock B650E STEEL LEGEND WIFI  ,AM5,ATX,192 GB,4,5, 2,199.99
 MSI MPG X570 GAMING PLUS  ,AM4,ATX,128 GB,4,4, 31,349.99
 Asus TUF GAMING B660-PLUS WIFI D4  ,LGA1700,ATX,128 GB,4,5, 4,215.79
 Asus ROG STRIX B660-A GAMING WIFI D4  ,LGA1700,ATX,128 GB,4,4, 11,219.99
 ASRock H670M-ITX/ax  ,LGA1700,Mini ITX,64 GB,2,5, 12,166.99
 ASRock A620M-HDV/M.2  ,AM5,Micro ATX,96 GB,2,0, 0,99.99
 Gigabyte Z790 UD AX  ,LGA1700,ATX,192 GB,4,4, 3,209.29
 Asus PRIME X570-PRO  ,AM4,ATX,128 GB,4,4, 51,459.0
 MSI MEG Z690 UNIFY  ,LGA1700,ATX,192 GB,4,0, 0,263.64
 Asus TUF GAMING B550M-PLUS  ,AM4,Micro ATX,128 GB,4,5, 11,161.3
 ASRock Z790 Lightning WiFi  ,LGA1700,ATX,192 GB,4,0, 0,199.99
 Asus PRIME H610M-K D4  ,LGA1700,Micro ATX,64 GB,2,4, 1,110.83
 Gigabyte Z790 AORUS MASTER  ,LGA1700,EATX,192 GB,4,5, 6,429.99
 Asus ROG STRIX B550-I GAMING  ,AM4,Mini ITX,64 GB,2,4, 69,489.0
 Asus TUF GAMING B760-PLUS WIFI D4  ,LGA1700,ATX,192 GB,4,0, 0,189.99
 Asus PRIME H510M-E  ,LGA1200,Micro ATX,64 GB,2,4, 2,127.88
 Asus TUF GAMING Z690-PLUS WIFI D4  ,LGA1700,ATX,128 GB,4,5, 28,319.88
 Asus TUF GAMING B650M-E WIFI  ,AM5,Micro ATX,128 GB,4,4, 2,230.88
 Gigabyte B650 AORUS PRO AX  ,AM5,ATX,192 GB,4,5, 4,363.14
 Gigabyte B650E AORUS MASTER  ,AM5,ATX,128 GB,4,3, 2,495.36
 Gigabyte H510M H V2  ,LGA1200,Micro ATX,64 GB,2,0, 0,88.62
 Asus PRIME B650M-A AX II  ,AM5,Micro ATX,192 GB,4,0, 0,179.99
 Asus TUF GAMING X670E-PLUS  ,AM5,ATX,192 GB,4,0, 0,358.42
 Gigabyte B760 GAMING X DDR4  ,LGA1700,ATX,128 GB,4,4, 1,186.49
 ASRock Z690M Phantom Gaming 4  ,LGA1700,Micro ATX,128 GB,4,0, 0,99.99
 Gigabyte B650 AERO G  ,AM5,ATX,192 GB,4,5, 3,239.99
 Gigabyte Z690 AERO G DDR4  ,LGA1700,ATX,128 GB,4,4, 5,193.98
 Asus PROART B650-CREATOR  ,AM5,ATX,128 GB,4,0, 0,260.99
 Asus PRIME Z790M-PLUS D4  ,LGA1700,Micro ATX,128 GB,4,5, 1,169.99
 MSI PRO Z690-A DDR4  ,LGA1700,ATX,128 GB,4,4, 17,209.99
 MSI MAG B550M MORTAR WIFI  ,AM4,Micro ATX,128 GB,4,5, 51,289.8
 Asus ROG Strix X570-I Gaming  ,AM4,Mini ITX,64 GB,2,4, 67,518.99
 Gigabyte Z790 AORUS PRO X WIFI7  ,LGA1700,ATX,192 GB,4,0, 0,349.99
 Asus TUF Gaming Z590-PLUS WIFI  ,LGA1200,ATX,128 GB,4,5, 6,305.0
 Gigabyte B450 AORUS M  ,AM4,Micro ATX,64 GB,4,5, 50,153.9
 ASRock Z790 Steel Legend WiFi  ,LGA1700,ATX,192 GB,4,5, 3,229.99
 MSI MPG B550 GAMING EDGE WIFI  ,AM4,ATX,128 GB,4,5, 75,299.99
 MSI MEG Z790 ACE  ,LGA1700,EATX,192 GB,4,5, 3,529.99
 Gigabyte Z390 UD  ,LGA1151,ATX,128 GB,4,4, 7,229.99
 ASRock X570 Phantom Gaming 4 WiFi ax  ,AM4,ATX,128 GB,4,3, 1,129.99
 Asus PRIME B760-PLUS D4  ,LGA1700,ATX,128 GB,4,4, 1,227.45
 MSI B560M PRO-E  ,LGA1200,Micro ATX,64 GB,2,4, 3,129.94
 Asus ROG Strix X570-E Gaming  ,AM4,ATX,128 GB,4,5, 80,609.0
 MSI MPG Z390 GAMING EDGE AC  ,LGA1151,ATX,128 GB,4,5, 37,399.99
 Asus ROG STRIX Z490-E GAMING  ,LGA1200,ATX,128 GB,4,5, 39,349.99
 Gigabyte B760M GAMING X AX DDR4  ,LGA1700,Micro ATX,128 GB,4,5, 3,193.04
 Asus PRIME B550M-A AC  ,AM4,Micro ATX,128 GB,4,4, 1,127.0
 Asus PRIME B550M-A/CSM  ,AM4,Micro ATX,128 GB,4,5, 3,109.99
 ASRock B560M-HDV  ,LGA1200,Micro ATX,64 GB,2,4, 3,129.9
 Asus Z170-A  ,LGA1151,ATX,64 GB,4,4, 109,331.49
 Asus TUF GAMING X570-PLUS  ,AM4,ATX,128 GB,4,4, 25,309.99
 MSI X470 GAMING PLUS MAX  ,AM4,ATX,64 GB,4,5, 14,199.99
 MSI MAG Z690 TOMAHAWK WIFI  ,LGA1700,ATX,192 GB,4,5, 8,255.0
 Asus PRIME B660M-A AC D4  ,LGA1700,Micro ATX,128 GB,4,0, 0,149.99
 Asus Prime Z590-P WiFi  ,LGA1200,ATX,128 GB,4,5, 2,289.99
 ASRock B365M Pro4  ,LGA1151,Micro ATX,64 GB,4,5, 15,169.99
 MSI MPG Z690 CARBON WIFI  ,LGA1700,ATX,192 GB,4,5, 4,440.0
 Gigabyte Z690 GAMING X DDR4  ,LGA1700,ATX,128 GB,4,5, 14,309.0
 Asus TUF GAMING B450M-PLUS II  ,AM4,Micro ATX,128 GB,4,4, 4,153.64
 Asus PRIME B660M-K D4  ,LGA1700,Micro ATX,64 GB,2,0, 0,127.62
 ASRock B450 Pro4  ,AM4,ATX,64 GB,4,4, 36,155.0
 Gigabyte B650 UD AC  ,AM5,ATX,192 GB,4,0, 0,166.98
 ASRock Z790 PG-ITX/TB4  ,LGA1700,Mini ITX,96 GB,2,5, 2,380.86
 Gigabyte A520M H  ,AM4,Micro ATX,64 GB,2,4, 1,86.8
 Gigabyte X570 AORUS ELITE WIFI  ,AM4,ATX,128 GB,4,4, 62,120.0
 Gigabyte Z790 AORUS ELITE AX DDR4  ,LGA1700,ATX,128 GB,4,4, 2,209.99
 ASRock B760 Pro RS WiFi  ,LGA1700,ATX,192 GB,4,0, 0,220.3
 ASRock H610M-HDV  ,LGA1700,Micro ATX,64 GB,2,4, 2,89.76
 ASRock X570S PG Riptide  ,AM4,ATX,128 GB,4,0, 0,184.99
 MSI PRO Z790-A WIFI DDR4  ,LGA1700,ATX,128 GB,4,4, 1,179.99
 Supermicro X11SCL-IF  ,LGA1151,Mini ITX,64 GB,2,0, 0,232.99
 MSI B350M BAZOOKA  ,AM4,Micro ATX,64 GB,4,4, 8,152.25
 MSI MAG B760M MORTAR WIFI  ,LGA1700,Micro ATX,192 GB,4,5, 2,228.49
 ASRock X570 Steel Legend  ,AM4,ATX,128 GB,4,4, 23,261.81
 ASRock A620M-HDV/M.2+  ,AM5,Micro ATX,96 GB,2,0, 0,115.26
 Asus TUF GAMING B660M-PLUS WIFI D4  ,LGA1700,Micro ATX,128 GB,4,5, 5,228.22
 Asus PRIME B550M-A  ,AM4,Micro ATX,128 GB,4,4, 2,135.96
 Gigabyte H610M K DDR4  ,LGA1700,Micro ATX,64 GB,2,4, 1,98.32
 Asus TUF GAMING A620M-PLUS  ,AM5,Micro ATX,192 GB,4,0, 0,166.19
 Asus PRIME B760M-A  ,LGA1700,Micro ATX,128 GB,4,0, 0,171.59
 Asus ProArt B760-CREATOR WIFI  ,LGA1700,ATX,192 GB,4,0, 0,239.99
 ASRock B365M-HDV  ,LGA1151,Micro ATX,32 GB,2,4, 3,159.99
 ASRock X570 Pro4  ,AM4,ATX,128 GB,4,4, 4,129.99
 Gigabyte B550 VISION D-P  ,AM4,ATX,128 GB,4,5, 16,449.9
 Asus ROG Crosshair VIII Hero ,AM4,ATX,128 GB,4,5, 41,409.99
 ASRock X570 Taichi Razer Edition  ,AM4,ATX,128 GB,4,5, 1,235.99
 Asus PRIME Z690-P WIFI  ,LGA1700,ATX,192 GB,4,5, 2,254.53
 Gigabyte A620M DS3H  ,AM5,Micro ATX,192 GB,4,0, 0,142.65
 NZXT N5 Z690  ,LGA1700,ATX,128 GB,4,4, 3,233.99
 Asus Strix B550-XE Gaming WiFi  ,AM4,ATX,128 GB,4,4, 3,219.99
 MSI PRO B760-P DDR4 II  ,LGA1700,ATX,128 GB,4,0, 0,173.07
 MSI MPG Z690 FORCE WIFI  ,LGA1700,ATX,192 GB,4,5, 7,327.01
 ASRock B550 Steel Legend  ,AM4,ATX,128 GB,4,5, 15,159.99
 Gigabyte Z790 EAGLE AX  ,LGA1700,ATX,192 GB,4,0, 0,199.99
 ASRock X570 Taichi  ,AM4,ATX,128 GB,4,4, 24,218.99
 MSI MEG Z590 UNIFY-X  ,LGA1200,ATX,128 GB,4,0, 0,372.35
 Gigabyte B760 DS3H AX  ,LGA1700,ATX,192 GB,4,0, 0,149.99
 MSI A520M PRO  ,AM4,Micro ATX,64 GB,2,0, 0,86.87
 ASRock B760M PG Lightning/D4  ,LGA1700,Micro ATX,128 GB,4,0, 0,109.99
 Gigabyte B760M GAMING X DDR4  ,LGA1700,Micro ATX,128 GB,4,0, 0,171.31
 Asus ROG MAXIMUS Z690 HERO  ,LGA1700,ATX,192 GB,4,4, 4,547.99
 MSI PRO B760-P WIFI  ,LGA1700,ATX,192 GB,4,0, 0,169.99
 ASRock Z790 PG SONIC  ,LGA1700,ATX,192 GB,4,5, 1,311.11
 Asus ROG STRIX Z690-F GAMING WIFI  ,LGA1700,ATX,192 GB,4,4, 6,326.45
 Asus PRIME A620M-K  ,AM5,Micro ATX,96 GB,2,0, 0,115.51
 Gigabyte GA-AB350-GAMING 3  ,AM4,ATX,64 GB,4,5, 39,99.99
 Gigabyte Z790 D DDR4  ,LGA1700,ATX,128 GB,4,4, 1,169.99
 Gigabyte B760M H DDR4  ,LGA1700,Micro ATX,64 GB,2,0, 0,124.61
 Asus PRIME Z690-P D4  ,LGA1700,ATX,128 GB,4,5, 6,304.79
 Asus TUF GAMING B650M-PLUS  ,AM5,Micro ATX,192 GB,4,0, 0,241.13
 MSI MPG X570 GAMING PRO CARBON WIFI  ,AM4,ATX,128 GB,4,5, 27,575.0
 Gigabyte H610I DDR4  ,LGA1700,Mini ITX,64 GB,2,0, 0,148.44
 Asus PRIME B760M-A D4  ,LGA1700,Micro ATX,128 GB,4,5, 1,187.85
 Asus TUF GAMING B760M-PLUS WIFI II  ,LGA1700,Micro ATX,192 GB,4,0, 0,199.99
 Gigabyte B760 GAMING X  ,LGA1700,ATX,192 GB,4,0, 0,209.07
 Biostar H610MH  ,LGA1700,Micro ATX,64 GB,2,0, 0,119.99
 ASRock Z690 Phantom Gaming 4  ,LGA1700,ATX,128 GB,4,4, 3,144.99
 Gigabyte H610M S2H V3 DDR4  ,LGA1700,Micro ATX,64 GB,2,0, 0,104.3
 Gigabyte B550 AORUS PRO AC  ,AM4,ATX,128 GB,4,5, 33,306.49
 NZXT N7-Z69XT-B1  ,LGA1700,ATX,128 GB,4,5, 1,269.99
 Asus PRIME Z490-P  ,LGA1200,ATX,128 GB,4,5, 2,296.99
 Gigabyte Z690 AERO G  ,LGA1700,ATX,128 GB,4,5, 4,289.1
 Asus PRIME B650M-A AX  ,AM5,Micro ATX,128 GB,4,3, 1,199.99
 Biostar B450MH  ,AM4,Micro ATX,32 GB,2,4, 2,111.73
 Asus PRIME B660M-A D4  ,LGA1700,Micro ATX,128 GB,4,4, 6,244.92
 Asus PRIME B760M-K D4  ,LGA1700,Micro ATX,64 GB,2,5, 1,147.49
 MSI H310M PRO-VDH PLUS  ,LGA1151,Micro ATX,32 GB,2,4, 2,139.9
 Gigabyte Z790 AORUS XTREME  ,LGA1700,EATX,192 GB,4,5, 1,799.99
 MSI Z270-A PRO  ,LGA1151,ATX,64 GB,4,5, 15,435.99
 ASRock B550 PG Velocita  ,AM4,ATX,128 GB,4,5, 5,139.99
 MSI Z590-A PRO  ,LGA1200,ATX,128 GB,4,5, 3,317.15
 ASRock Z790 Taichi Lite  ,LGA1700,EATX,192 GB,4,4, 1,341.99
 Asus TUF GAMING B660M-PLUS WIFI  ,LGA1700,Micro ATX,192 GB,4,0, 0,239.41
 Gigabyte B760 DS3H AX DDR4  ,LGA1700,ATX,128 GB,4,0, 0,182.49
 MSI MPG Z390 GAMING PRO CARBON  ,LGA1151,ATX,128 GB,4,5, 25,299.99
 MSI PRO Z690-P DDR4  ,LGA1700,ATX,128 GB,4,4, 3,169.99
 Asus TUF Z390-PLUS GAMING ,LGA1151,ATX,128 GB,4,5, 10,339.0
 Asus ProArt B550-CREATOR  ,AM4,ATX,128 GB,4,5, 2,239.0
 ASRock A620M Pro RS  ,AM5,Micro ATX,192 GB,4,5, 1,164.36
 ASRock B650E TAICHI  ,AM5,EATX,192 GB,4,0, 0,369.99
 Asus TUF GAMING B450M-PRO II  ,AM4,Micro ATX,128 GB,4,0, 0,198.56
 ASRock Z790M PG LIGHTNING/D4  ,LGA1700,Micro ATX,128 GB,4,0, 0,159.99
 Asus TUF GAMING B550-PLUS ,AM4,ATX,128 GB,4,4, 9,239.99
 Asus ROG STRIX B550-E GAMING  ,AM4,ATX,128 GB,4,5, 21,299.0
 Gigabyte B760M GAMING X AX  ,LGA1700,Micro ATX,192 GB,4,0, 0,209.57
 Asus TUF B450-PLUS GAMING  ,AM4,ATX,64 GB,4,4, 12,185.0
 Asus PRIME Z690-P WIFI D4  ,LGA1700,ATX,128 GB,4,4, 15,279.73
 Gigabyte H610M H V3 DDR4  ,LGA1700,Micro ATX,64 GB,2,0, 0,99.04
 Asus ROG MAXIMUS X FORMULA  ,LGA1151,ATX,128 GB,4,4, 5,911.0
 Gigabyte Z690 AORUS ELITE AX  ,LGA1700,ATX,192 GB,4,4, 8,229.99
 MSI MAG Z490 TOMAHAWK  ,LGA1200,ATX,128 GB,4,5, 17,355.0
 Gigabyte A620M GAMING X AX  ,AM5,Micro ATX,192 GB,4,5, 1,203.6
 Asus ROG Crosshair VIII Extreme  ,AM4,EATX,128 GB,4,5, 3,1048.93
 MSI MPG Z690 EDGE WIFI  ,LGA1700,ATX,192 GB,4,5, 5,279.99
 Asus PRIME A620M-A-CSM  ,AM5,Micro ATX,192 GB,4,0, 0,129.99
 Gigabyte B650M C  ,AM5,Micro ATX,192 GB,4,0, 0,150.98
 ASRock Z790 Pro RS/D4  ,LGA1700,ATX,128 GB,4,4, 1,194.21
 Asus ROG MAXIMUS Z690 FORMULA  ,LGA1700,ATX,192 GB,4,4, 3,529.99
 Gigabyte B550 GAMING X  ,AM4,ATX,128 GB,4,5, 5,159.99
 Asus PRIME H510M-A  ,LGA1200,Micro ATX,64 GB,2,0, 0,130.16
 Asus PROART B760-CREATOR D4  ,LGA1700,ATX,128 GB,4,5, 1,194.99
 Asus PRIME B650M-K  ,AM5,Micro ATX,96 GB,2,0, 0,181.99
 Gigabyte Z790 UD  ,LGA1700,ATX,192 GB,4,0, 0,255.96
 Gigabyte B650M S2H  ,AM5,Micro ATX,96 GB,2,0, 0,185.61
 Gigabyte Z590 UD AC  ,LGA1200,ATX,128 GB,4,5, 3,307.39
 ASRock Z790 Taichi Carrara  ,LGA1700,EATX,192 GB,4,0, 0,632.96
 Asus PRIME H610M-E D4-CSM  ,LGA1700,Micro ATX,64 GB,2,0, 0,99.99
 MSI MAG B660M MORTAR DDR4  ,LGA1700,Micro ATX,128 GB,4,5, 3,196.71
 Asus TUF B450M-PLUS GAMING  ,AM4,Micro ATX,64 GB,4,4, 23,289.0
 Asus ROG Crosshair VIII Hero  ,AM4,ATX,128 GB,4,5, 21,481.82
 Gigabyte Z390 AORUS ELITE  ,LGA1151,ATX,128 GB,4,4, 11,294.99
 Gigabyte X570 GAMING X  ,AM4,ATX,128 GB,4,4, 14,287.89
 Asus PRIME Z270-P  ,LGA1151,ATX,64 GB,4,5, 5,355.99
 ASRock AB350M Pro4  ,AM4,Micro ATX,64 GB,4,4, 54,220.5
 Gigabyte B550 AORUS ELITE  ,AM4,ATX,128 GB,4,5, 22,234.99
 Asus PRIME H610M-A D4-CSM  ,LGA1700,Micro ATX,64 GB,2,0, 0,109.99
 Gigabyte X670 GAMING X AX ,AM5,ATX,192 GB,4,0, 0,315.37
 ASRock Z790 Taichi  ,LGA1700,EATX,192 GB,4,5, 2,379.99
 Gigabyte B760M DS3H  ,LGA1700,Micro ATX,192 GB,4,0, 0,165.63
 Asus Pro H510M-CT/CSM  ,LGA1200,Micro ATX,64 GB,2,0, 0,89.99
 Asus MAXIMUS Z690 HERO EVA  ,LGA1700,ATX,128 GB,4,5, 1,479.99
 ASRock H310CM-HDV  ,LGA1151,Micro ATX,32 GB,2,5, 1,179.99
 Asus PRIME B450M-A/CSM  ,AM4,Micro ATX,64 GB,4,4, 44,188.0
 Asus PRIME H770-PLUS D4  ,LGA1700,ATX,128 GB,4,5, 2,189.0
 ASRock Z790 LiveMixer  ,LGA1700,ATX,192 GB,4,0, 0,209.99
 Gigabyte Z790 GAMING X  ,LGA1700,ATX,192 GB,4,0, 0,294.35
 Asus TUF GAMING B760M-PLUS D4  ,LGA1700,Micro ATX,128 GB,4,5, 1,197.42
 Gigabyte H610M S2H DDR4  ,LGA1700,Micro ATX,64 GB,2,4, 1,173.0
 ASRock B450M-HDV  ,AM4,Micro ATX,32 GB,2,3, 4,89.29
 Asus ROG MAXIMUS Z690 APEX  ,LGA1700,ATX,96 GB,2,4, 1,799.95
 Asus TUF GAMING Z790-PLUS D4  ,LGA1700,ATX,128 GB,4,0, 0,312.49
 ASRock B550 PG Riptide  ,AM4,ATX,128 GB,4,0, 0,177.56
 Asus H110M-C/CSM  ,LGA1151,Micro ATX,32 GB,2,4, 1,169.99
 Asus PRIME H610M-E D4  ,LGA1700,Micro ATX,64 GB,2,3, 2,116.29
 ASRock Z690 Taichi  ,LGA1700,ATX,192 GB,4,0, 0,209.99
 ASRock B550 Extreme4  ,AM4,ATX,128 GB,4,4, 10,184.99
 Asus Prime Z370-P  ,LGA1151,ATX,64 GB,4,4, 11,355.99
 ASRock A520M Phantom Gaming 4  ,AM4,Micro ATX,128 GB,4,0, 0,92.99
 Asus TUF GAMING B550M-PLUS ,AM4,Micro ATX,128 GB,4,4, 22,275.49
 Asus ROG STRIX Z590-A GAMING WIFI  ,LGA1200,ATX,128 GB,4,5, 6,445.78
 Asus ROG STRIX B660-F GAMING WIFI  ,LGA1700,ATX,192 GB,4,0, 0,272.84
 Gigabyte B760 GAMING X AX DDR4  ,LGA1700,ATX,128 GB,4,0, 0,217.58
 Asus ROG MAXIMUS XII HERO ,LGA1200,ATX,128 GB,4,5, 10,549.99
 ASRock H510M-HDV/M.2  ,LGA1200,Micro ATX,64 GB,2,0, 0,129.99
 Gigabyte A520M DS3H  ,AM4,Micro ATX,128 GB,4,0, 0,120.9
 ASRock H610M-HVS/M.2 R2.0  ,LGA1700,Micro ATX,64 GB,2,0, 0,101.01
 Gigabyte X570S AERO G  ,AM4,ATX,128 GB,4,5, 6,527.9
 MSI PRO H610M-G  ,LGA1700,Micro ATX,96 GB,2,0, 0,119.99
 Gigabyte B760 AORUS ELITE AX DDR4  ,LGA1700,ATX,128 GB,4,0, 0,249.06
 Gigabyte H610M H DDR4  ,LGA1700,Micro ATX,64 GB,2,0, 0,111.56
 MSI Z270 GAMING PRO CARBON  ,LGA1151,ATX,64 GB,4,5, 22,406.49
 Gigabyte Z690 AORUS ULTRA  ,LGA1700,ATX,192 GB,4,5, 2,319.99
 Asus PRIME B550M-A ,AM4,Micro ATX,128 GB,4,4, 15,229.0
 ASRock Z690 Taichi Razer Edition  ,LGA1700,ATX,192 GB,4,0, 0,209.99
 Supermicro X11SCL-LN4F  ,LGA1151,Micro ATX,128 GB,4,0, 0,303.38
 Asus TUF GAMING B760M-PLUS  ,LGA1700,Micro ATX,192 GB,4,0, 0,212.44
 MSI PRO B660M-A DDR4  ,LGA1700,Micro ATX,128 GB,4,4, 5,289.0
 Gigabyte Z390 AORUS PRO  ,LGA1151,ATX,128 GB,4,5, 11,370.25
 Asus PRIME B650M-A-CSM  ,AM5,Micro ATX,128 GB,4,0, 0,173.99
 Asus TUF GAMING H770-PRO WIFI  ,LGA1700,ATX,192 GB,4,5, 1,272.44
 Gigabyte B660I AORUS Pro DDR4  ,LGA1700,Mini ITX,64 GB,2,4, 2,259.89
 Gigabyte Z790 AORUS ELITE AX-W  ,LGA1700,ATX,192 GB,4,5, 1,371.09
 MSI B550M PRO-VDH  ,AM4,Micro ATX,128 GB,4,0, 0,133.58
 MSI MEG Z590 UNIFY  ,LGA1200,ATX,128 GB,4,5, 2,396.6
 Gigabyte B760M GAMING DDR4  ,LGA1700,Micro ATX,64 GB,2,0, 0,137.73
 Asus TUF GAMING Z490-PLUS ,LGA1200,ATX,128 GB,4,4, 4,299.0
 MSI MAG Z590 TORPEDO  ,LGA1200,ATX,128 GB,4,3, 1,261.11
 Asus TUF GAMING Z690-PLUS D4  ,LGA1700,ATX,128 GB,4,5, 2,306.22
 Asus PRIME B450M-K  ,AM4,Micro ATX,32 GB,2,4, 3,169.9
 Supermicro C9Z390-PGW  ,LGA1151,ATX,128 GB,4,0, 0,788.99
 Asus ROG Crosshair VIII Formula  ,AM4,ATX,128 GB,4,5, 5,552.4
 ASRock Z690 Steel Legend WiFi 6E/D5  ,LGA1700,ATX,192 GB,4,0, 0,189.99
 Asus ProArt Z690-CREATOR WIFI  ,LGA1700,ATX,192 GB,4,0, 0,679.0
 Asus PRIME B650M-A WIFI  ,AM5,Micro ATX,128 GB,4,0, 0,290.13
 Asus ROG Crosshair VIII Impact  ,AM4,Mini DTX,64 GB,2,5, 21,511.96
 Asus ProArt B660-CREATOR D4  ,LGA1700,ATX,128 GB,4,5, 1,219.99
 Gigabyte Z590 VISION G  ,LGA1200,ATX,128 GB,4,5, 2,306.89
 MSI H510M PRO  ,LGA1200,Micro ATX,64 GB,2,5, 1,158.9
 ASRock Z790 PG Lightning/D4  ,LGA1700,ATX,128 GB,4,0, 0,185.32
 Gigabyte Z690 AORUS PRO  ,LGA1700,ATX,192 GB,4,5, 6,389.99
 Biostar B550MH  ,AM4,Micro ATX,64 GB,2,0, 0,125.8
 Asus ROG STRIX B560-A GAMING WIFI  ,LGA1200,ATX,128 GB,4,5, 4,389.0
 Asus ROG STRIX Z390-H GAMING  ,LGA1151,ATX,128 GB,4,5, 5,339.99
 Asus ROG STRIX B360-F GAMING  ,LGA1151,ATX,64 GB,4,5, 3,298.52
 Gigabyte Z790 AORUS ELITE DDR4  ,LGA1700,ATX,128 GB,4,0, 0,252.21
 Asus Pro B760M-CT-CSM  ,LGA1700,Micro ATX,192 GB,4,0, 0,135.99
 Asus Pro B650M-CT-CSM  ,AM5,Micro ATX,192 GB,4,0, 0,159.99
 ASRock Z490 Phantom Gaming-ITX/TB3  ,LGA1200,Mini ITX,64 GB,2,0, 0,319.0
 Gigabyte Z690 AORUS ELITE DDR4  ,LGA1700,ATX,128 GB,4,5, 1,203.49
 NZXT N5 Z690  ,LGA1700,ATX,128 GB,4,5, 2,239.99
 Asus EX-A320M-GAMING  ,AM4,Micro ATX,64 GB,4,0, 0,149.0
 Gigabyte Z490 AORUS ELITE  ,LGA1200,ATX,128 GB,4,5, 2,230.0
 Gigabyte B550 AORUS MASTER  ,AM4,ATX,128 GB,4,4, 12,406.99
 ASRock A520M Pro4  ,AM4,Micro ATX,128 GB,4,0, 0,99.99
 MSI MAG B660M BAZOOKA DDR4  ,LGA1700,Micro ATX,128 GB,4,5, 1,228.33
 Gigabyte Z590 AORUS PRO AX  ,LGA1200,ATX,128 GB,4,0, 0,296.89
 Gigabyte B550 AORUS ELITE AX  ,AM4,ATX,128 GB,4,5, 2,201.91
 Gigabyte B550 AORUS PRO V2  ,AM4,ATX,128 GB,4,4, 8,262.42
 MSI MPG Z490 GAMING CARBON WIFI  ,LGA1200,ATX,128 GB,4,5, 7,349.0
 Asus TUF GAMING B650M-E  ,AM5,Micro ATX,128 GB,4,0, 0,232.24
 Asus PRIME H410M-K  ,LGA1200,Micro ATX,64 GB,2,0, 0,180.0
 Gigabyte Z490 VISION G  ,LGA1200,ATX,128 GB,4,5, 15,349.99
 Asus Pro B550M-C/CSM  ,AM4,Micro ATX,128 GB,4,5, 1,129.99
 ASRock B450M Pro4-F R2.0  ,AM4,Micro ATX,128 GB,4,0, 0,217.63
 Biostar Z690 VALKYRIE  ,LGA1700,ATX,192 GB,4,0, 0,865.65
 Gigabyte Z590 AORUS ULTRA  ,LGA1200,ATX,128 GB,4,5, 2,389.0
 Gigabyte H410M S2H V2  ,LGA1200,Micro ATX,64 GB,2,0, 0,95.09
 Gigabyte H610M H  ,LGA1700,Micro ATX,64 GB,2,0, 0,111.86
 Asus TUF GAMING B550M-ZAKU ,AM4,Micro ATX,128 GB,4,5, 1,347.46
 Biostar B450MHP  ,AM4,Micro ATX,64 GB,2,0, 0,106.9
 Gigabyte Z590 AORUS MASTER  ,LGA1200,ATX,128 GB,4,5, 3,379.99
 Asus PRO Q570M-C/CSM  ,LGA1200,Micro ATX,128 GB,4,0, 0,154.0
 Asus ROG MAXIMUS XII FORMULA  ,LGA1200,ATX,128 GB,4,5, 10,654.0
 Asus PRIME B650M-A II-CSM  ,AM5,Micro ATX,192 GB,4,0, 0,172.99
 Asus PRIME A520M-E  ,AM4,Micro ATX,64 GB,2,0, 0,105.85
 Gigabyte X570 UD  ,AM4,ATX,128 GB,4,3, 2,275.0
 ASRock Z590 Phantom Gaming-ITX/TB4  ,LGA1200,Mini ITX,64 GB,2,5, 1,347.99
 Asus TUF GAMING B660M-E D4  ,LGA1700,Micro ATX,128 GB,4,0, 0,223.0
 Gigabyte B760 DS3H AC  ,LGA1700,ATX,192 GB,4,0, 0,154.99
 ASRock B550 Taichi  ,AM4,ATX,128 GB,4,4, 4,298.74
 Asus Pro B660M-C D4-CSM  ,LGA1700,Micro ATX,128 GB,4,0, 0,129.99
 ASRock Z390 Phantom Gaming-ITX/ac  ,LGA1151,Mini ITX,64 GB,2,5, 17,480.99
 Gigabyte B560 AORUS PRO AX  ,LGA1200,ATX,128 GB,4,0, 0,294.89
 Gigabyte Z690 UD DDR4  ,LGA1700,ATX,128 GB,4,4, 6,307.89
 Asus TUF GAMING B660M-PLUS D4  ,LGA1700,Micro ATX,128 GB,4,0, 0,236.48
 Asus PRIME A320M-A  ,AM4,Micro ATX,64 GB,4,0, 0,117.72
 Gigabyte B660 AORUS Master DDR4  ,LGA1700,ATX,128 GB,4,4, 3,312.89
 Asus TUF Z390-PRO GAMING  ,LGA1151,ATX,128 GB,4,5, 2,380.99
 Asus TUF GAMING H670-PRO WIFI D4  ,LGA1700,ATX,128 GB,4,5, 2,267.68
 Gigabyte Z490 AORUS ELITE AC  ,LGA1200,ATX,128 GB,4,5, 6,349.99
 Asus ROG STRIX Z490-A GAMING  ,LGA1200,ATX,128 GB,4,5, 6,369.99
 ASRock H670 Steel Legend  ,LGA1700,ATX,128 GB,4,4, 1,184.5
 ASRock H670M Pro RS  ,LGA1700,Micro ATX,128 GB,4,0, 0,139.99
 Gigabyte B660 DS3H DDR4  ,LGA1700,ATX,128 GB,4,0, 0,203.34
 Asus PRO A520M-C II/CSM  ,AM4,Micro ATX,64 GB,2,0, 0,92.99
 MSI Z270 SLI PLUS  ,LGA1151,ATX,64 GB,4,5, 1,394.99
 Gigabyte Z390 DESIGNARE  ,LGA1151,ATX,128 GB,4,5, 5,509.0
 Asus PRIME H270M-PLUS  ,LGA1151,Micro ATX,64 GB,4,5, 1,744.57
 ASRock X570D4U-2L2T  ,AM4,Micro ATX,128 GB,4,0, 0,499.99
 Asus PRIME H510M-R R2.0  ,LGA1200,Micro ATX,64 GB,2,0, 0,113.19
 ASRock Z270 Killer SLI/ac  ,LGA1151,ATX,64 GB,4,5, 15,706.49
 Asus TUF GAMING B760M-E D4  ,LGA1700,Micro ATX,128 GB,4,0, 0,200.76
 Asus MAXIMUS VIII FORMULA  ,LGA1151,ATX,64 GB,4,5, 9,2591.77
 Asus WS C246 PRO  ,LGA1151,ATX,64 GB,4,5, 2,329.95
 ASRock H670 PG Riptide  ,LGA1700,ATX,128 GB,4,5, 2,149.99
 Supermicro MBD-X11SAE-F-O  ,LGA1151,ATX,64 GB,4,0, 0,281.06
 Asus Pro Q670M-C-CSM  ,LGA1700,Micro ATX,128 GB,4,0, 0,169.19
 Gigabyte A520M AORUS ELITE  ,AM4,Micro ATX,128 GB,4,4, 2,148.9
 ASRock H610M-ITX/eDP  ,LGA1700,Mini ITX,64 GB,2,0, 0,153.19
 Asus PRIME H770-PLUS  ,LGA1700,ATX,192 GB,4,0, 0,236.55
 Gigabyte B660 AORUS Master  ,LGA1700,ATX,192 GB,4,0, 0,401.59
 Gigabyte GA-H110-D3A  ,LGA1151,ATX,32 GB,2,0, 0,199.95
 Asus Pro WS X570-ACE  ,AM4,ATX,128 GB,4,4, 6,539.99
 Asus PRIME H610M-D D4  ,LGA1700,Micro ATX,64 GB,2,0, 0,131.11
 Asus PRIME H510M-A/CSM  ,LGA1200,Micro ATX,64 GB,2,4, 1,141.63
 MSI MAG B460 TORPEDO  ,LGA1200,ATX,128 GB,4,0, 0,249.9
 Gigabyte B760 AORUS ELITE  ,LGA1700,ATX,192 GB,4,0, 0,259.41
 Gigabyte B760 AORUS MASTER DDR4  ,LGA1700,ATX,128 GB,4,0, 0,288.85
 Asus PRIME A320M-E  ,AM4,Micro ATX,64 GB,2,0, 0,179.9
 ASRock C246 WS  ,LGA1151,ATX,64 GB,4,0, 0,295.32
 MSI MEG Z490 ACE  ,LGA1200,ATX,128 GB,4,5, 3,398.0
 Asus ROG Maximus XIII Extreme  ,LGA1200,EATX,128 GB,4,0, 0,734.66
 Gigabyte Z590 AORUS ELITE  ,LGA1200,ATX,128 GB,4,0, 0,294.94
 MSI Z270 GAMING M5  ,LGA1151,ATX,64 GB,4,5, 7,481.49
 Gigabyte Z490 AORUS PRO AX  ,LGA1200,ATX,128 GB,4,4, 3,449.99
 ASRock Z270 Extreme4  ,LGA1151,ATX,64 GB,4,5, 5,901.21
 MSI Z270I GAMING PRO CARBON AC  ,LGA1151,Mini ITX,32 GB,2,5, 7,401.99
 Asus PRO H610M-CT D4-CSM  ,LGA1700,Micro ATX,64 GB,2,0, 0,109.99
 ASRock Fatal1ty X470 Gaming-ITX/ac  ,AM4,Mini ITX,32 GB,2,4, 8,209.99
 Gigabyte Z370 AORUS GAMING WIFI ,LGA1151,ATX,64 GB,4,5, 5,406.49
 MSI PRO B760M-G DDR4  ,LGA1700,Micro ATX,64 GB,2,0, 0,179.54
 Asus ROG MAXIMUS XII EXTREME  ,LGA1200,EATX,128 GB,4,5, 3,1082.02
 Supermicro MBD-X11SSL-F-O  ,LGA1151,Micro ATX,64 GB,4,4, 1,327.58
 ASRock Fatal1ty Z170 Gaming K4  ,LGA1151,ATX,64 GB,4,4, 6,349.99
 Asus PRIME A620M-E-CSM  ,AM5,Micro ATX,96 GB,2,0, 0,143.89
 Asus Pro H410M-C/CSM  ,LGA1200,Micro ATX,64 GB,2,0, 0,109.0
 ASRock Z590M Pro4  ,LGA1200,Micro ATX,128 GB,4,5, 1,299.99
 MSI PRO-B660M-B-DDR4  ,LGA1700,Micro ATX,64 GB,2,0, 0,270.0
 Asus PRIME Q270M-C  ,LGA1151,Micro ATX,64 GB,4,0, 0,306.0
 Gigabyte Z490 AORUS MASTER  ,LGA1200,ATX,128 GB,4,5, 1,567.49
 MSI MEG Z590 ACE  ,LGA1200,ATX,128 GB,4,5, 1,519.0
 MSI MEG Z590 GODLIKE  ,LGA1200,EATX,128 GB,4,0, 0,673.14
 Gigabyte Z590 AORUS XTREME  ,LGA1200,EATX,128 GB,4,0, 0,848.48
 Gigabyte Z490 AORUS ULTRA  ,LGA1200,ATX,128 GB,4,4, 3,431.99
 ASRock X570D4U  ,AM4,Micro ATX,128 GB,4,0, 0,440.59
 Asus Pro B560M-CT/CSM  ,LGA1200,Micro ATX,128 GB,4,0, 0,199.0
 Gigabyte Q670M D3H  ,LGA1700,Micro ATX,128 GB,4,0, 0,186.36
 Supermicro C9Z390-CGW  ,LGA1151,ATX,128 GB,4,0, 0,667.39
 Supermicro MBD-X11SCV-Q-O  ,LGA1151,Mini ITX,64 GB,2,0, 0,345.0
 Asus ROG Maximus XIII Apex  ,LGA1200,ATX,64 GB,2,5, 2,649.99
 Supermicro C9Z390-CG-IW  ,LGA1151,Mini ITX,64 GB,2,0, 0,590.5
 Gigabyte Z490 AORUS XTREME  ,LGA1200,EATX,128 GB,4,5, 1,735.9
 Asus TUF GAMING B650-E WIFI  ,AM5,ATX,192 GB,4,0, 0,199.99
 Gigabyte H510M S2H  ,LGA1200,Micro ATX,64 GB,2,0, 0,175.0
 ASRock Fatal1ty Z370 Gaming K6  ,LGA1151,ATX,64 GB,4,4, 2,431.99
 ASRock Z590 PG Velocita  ,LGA1200,ATX,128 GB,4,0, 0,453.57
 ASRock X470D4U2-2T  ,AM4,Micro ATX,64 GB,4,0, 0,495.49
 Supermicro MBD-X11SSV-Q-O  ,LGA1151,Mini ITX,32 GB,2,0, 0,384.87
 Asus Pro A620M-DASH-CSM  ,AM5,Micro ATX,96 GB,2,0, 0,143.15
 Asus Pro A620M-C-CSM  ,AM5,Micro ATX,96 GB,2,0, 0,154.18
 Asus P10S WS  ,LGA1151,ATX,64 GB,4,4, 1,399.0
 Asus ROG MAXIMUS XI GENE  ,LGA1151,Micro ATX,64 GB,2,5, 5,1673.03
 ASRock Z270 Killer SLI  ,LGA1151,ATX,64 GB,4,4, 1,706.49
 ASRock X370 Killer SLI  ,AM4,ATX,64 GB,4,4, 1,219.99
 Gigabyte Z490 GAMING X AX  ,LGA1200,ATX,128 GB,4,0, 0,317.0
 ASRock Z590 Taichi  ,LGA1200,ATX,128 GB,4,0, 0,542.77
 ASRock X470 Master SLI  ,AM4,ATX,64 GB,4,3, 2,355.3
 Supermicro C9Z490-PGW  ,LGA1200,ATX,128 GB,4,0, 0,697.03
 EVGA Z590 DARK  ,LGA1200,EATX,64 GB,2,0, 0,799.0
 ASRock Z490 PG Velocita  ,LGA1200,ATX,128 GB,4,0, 0,429.07
 ASRock Z590 OC Formula  ,LGA1200,EATX,64 GB,2,0, 0,495.0
 Gigabyte Z590 AORUS TACHYON  ,LGA1200,EATX,64 GB,2,0, 0,510.38
 Supermicro MBD-X11SSH-LN4F  ,LGA1151,Micro ATX,64 GB,4,4, 1,340.51
 Supermicro C7Z170-OCE  ,LGA1151,ATX,64 GB,4,0, 0,536.24
