Name,Type,Efficiency,Wattage,Modular,Rating,Rating Count,Price,Efficiency Rating
 Corsair RM750e ,ATX, Rating80+ Gold,750,Full,5, 69,99.99,3
 Corsair RM850e ,ATX, Rating80+ Gold,850,Full,5, 42,119.99,3
 Corsair RM1000e ,ATX, Rating80+ Gold,1000,Full,5, 26,179.99,3
 Corsair RM850x ,ATX, Rating80+ Gold,850,Full,5, 174,134.99,3
 Corsair CX650M ,ATX, Rating80+ Bronze,650,Semi,5, 16,69.98,1
 Corsair RM650 ,ATX, Rating80+ Gold,650,Full,5, 1,89.99,3
 Thermaltake Smart  ,ATX, Rating80+,500,No,4, 64,39.95,0
 Corsair RM850  ,ATX, Rating80+ Gold,850,Full,5, 48,139.99,3
 Corsair SF750  ,SFX, Rating80+ Platinum,750,Full,5, 228,169.99,4
 Cooler Master MWE Gold 850 - V2  ,ATX, Rating80+ Gold,850,Full,5, 10,94.99,3
 MSI MAG A650BN  ,ATX, Rating80+ Bronze,650,No,5, 3,59.99,1
 Gigabyte UD750GM  ,ATX, Rating80+ Gold,750,Full,4, 25,89.99,3
 MSI MAG A550BN  ,ATX, Rating80+ Bronze,550,No,5, 6,49.99,1
 Corsair RM1000x ,ATX, Rating80+ Gold,1000,Full,5, 106,173.48,3
 Asus ROG THOR 1600T Gaming  ,ATX, Rating80+ Titanium,1600,Full,0, 0,631.99,5
 Thermaltake Smart  ,ATX, Rating80+,600,No,5, 35,44.99,0
 MSI MAG A850GL PCIE5  ,ATX, Rating80+ Gold,850,Full,5, 9,111.99,3
 Corsair SF850L  ,SFX, Rating80+ Gold,850,Full,5, 6,128.99,3
 Thermaltake Toughpower GF1 ,ATX, Rating80+ Gold,750,Full,4, 1,104.98,3
 Corsair HX1500i ,ATX, Rating80+ Platinum,1500,Full,5, 3,339.99,4
 Corsair RM750x ,ATX, Rating80+ Gold,750,Full,5, 64,119.99,3
 Apevia Galaxy  ,ATX, Rating80+ Gold,650,Semi,5, 2,54.99,3
 MSI MAG A750GL PCIE5  ,ATX, Rating80+ Gold,750,Full,5, 7,93.99,3
 Silverstone HELA  ,ATX, Rating,2050,Full,0, 0,623.89,0
 Thermaltake Toughpower GX2  ,ATX, Rating80+ Gold,600,No,5, 22,54.99,3
 Apevia Prestige  ,ATX, Rating80+ Gold,600,No,5, 4,51.99,3
 EVGA SuperNOVA 1600 T2  ,ATX, Rating80+ Titanium,1600,Full,0, 0,739.0,5
 SeaSonic FOCUS PLUS 850 Gold  ,ATX, Rating80+ Gold,850,Full,5, 79,124.66,3
 Thermaltake Toughpower GF A3 Snow  ,ATX, Rating80+ Gold,1050,Full,5, 2,174.98,3
 EVGA SuperNOVA 650 GT  ,ATX, Rating80+ Gold,650,Full,5, 12,94.99,3
 Corsair RM750  ,ATX, Rating80+ Gold,750,Full,5, 31,129.99,3
 EVGA 500 BR  ,ATX, Rating80+ Bronze,500,No,5, 72,60.99,1
 be quiet! Pure Power 12 M  ,ATX, Rating80+ Gold,750,Full,5, 5,94.9,3
 be quiet! Pure Power 12 M  ,ATX, Rating80+ Gold,850,Full,5, 6,109.9,3
 Corsair AX1600i  ,ATX, Rating80+ Titanium,1600,Full,5, 14,609.99,5
 Corsair CX750M ,ATX, Rating80+ Bronze,750,Semi,5, 21,89.95,1
 be quiet! Dark Power 13  ,ATX, Rating80+ Titanium,1000,Full,4, 2,245.77,5
 Thermaltake Toughpower GF1 ,ATX, Rating80+ Gold,850,Full,0, 0,94.99,3
 Corsair SF1000L  ,SFX, Rating80+ Gold,1000,Full,5, 11,159.51,3
 be quiet! Pure Power 12 M  ,ATX, Rating80+ Gold,1000,Full,4, 5,129.9,3
 NZXT C850 ,ATX, Rating80+ Gold,850,Full,5, 12,109.99,3
 MSI MAG A650GL  ,ATX, Rating80+ Gold,650,Full,5, 3,79.98,3
 Corsair AX1200  ,ATX, Rating80+ Gold,1200,Full,5, 21,799.0,3
 Asus ROG Strix  ,ATX, Rating80+ Gold,850,Full,4, 11,162.99,3
 MSI A1000G PCIE5  ,ATX, Rating80+ Gold,1000,Full,5, 29,159.99,3
 Corsair CX ,ATX, Rating80+ Bronze,550,No,0, 0,54.99,1
 NZXT C750 ,ATX, Rating80+ Gold,750,Full,5, 3,94.99,3
 MSI MPG A850G PCIE5  ,ATX, Rating80+ Gold,850,Full,5, 20,109.99,3
 Thermaltake Smart  ,ATX, Rating80+,700,No,4, 20,54.99,0
 EVGA SuperNOVA 850 GT  ,ATX, Rating80+ Gold,850,Full,5, 15,129.99,3
 Corsair HX1000i ,ATX, Rating80+ Platinum,1000,Full,4, 4,214.99,4
 Thermaltake Smart BM3  ,ATX, Rating80+ Bronze,650,Semi,5, 1,84.98,1
 Thermaltake Smart BM3  ,ATX, Rating80+ Bronze,750,Semi,5, 1,79.99,1
 Corsair RMe ,ATX, Rating80+ Gold,1200,Full,5, 1,169.99,3
 be quiet! Straight Power 12  ,ATX, Rating80+ Platinum,1000,Full,5, 7,169.9,4
 Lian Li SP850  ,SFX, Rating80+ Gold,850,Full,4, 3,133.4,3
 Thermaltake Toughpower GF A3 Snow  ,ATX, Rating80+ Gold,850,Full,0, 0,134.98,3
 Cooler Master V850 SFX GOLD  ,SFX, Rating80+ Gold,850,Full,5, 11,129.99,3
 Lian Li SP  ,SFX, Rating80+ Gold,750,Full,5, 15,128.01,3
 be quiet! Dark Power Pro 13  ,ATX, Rating80+ Titanium,1600,Full,5, 1,399.9,5
 Gigabyte UD850GM  ,ATX, Rating80+ Gold,850,Full,4, 8,102.99,3
 Gigabyte UD1000GM  ,ATX, Rating80+ Gold,1000,Full,5, 1,119.99,3
 MSI MPG A650GF  ,ATX, Rating80+ Gold,650,Full,5, 27,87.15,3
 EVGA SuperNOVA 1000 GT  ,ATX, Rating80+ Gold,1000,Full,5, 14,169.99,3
 Asus ROG STRIX 1000G  ,ATX, Rating80+ Gold,1000,Full,5, 7,189.25,3
 Cooler Master MWE GOLD 750 V2 FULL MODULAR  ,ATX, Rating80+ Gold,750,Full,5, 12,195.07,3
 EVGA SuperNOVA 750 GT  ,ATX, Rating80+ Gold,750,Full,5, 24,109.99,3
 SeaSonic PRIME TX-1000  ,ATX, Rating80+ Titanium,1000,Full,5, 14,304.99,5
 Asus ROG THOR P2 Gaming  ,ATX, Rating80+ Platinum,1200,Full,3, 1,309.99,4
 be quiet! Straight Power 12  ,ATX, Rating80+ Platinum,1200,Full,5, 5,179.9,4
 Lian Li SP850  ,SFX, Rating80+ Gold,850,Full,5, 6,144.42,3
 Corsair CX ,ATX, Rating80+ Bronze,750,No,4, 1,64.98,1
 Corsair CX ,ATX, Rating80+ Bronze,650,No,0, 0,59.99,1
 Asus TUF Gaming 1000G  ,ATX, Rating80+ Gold,1000,Full,5, 6,159.33,3
 SeaSonic FOCUS GX  ,ATX, Rating80+ Gold,850,Full,5, 21,124.99,3
 SeaSonic FOCUS GX  ,ATX, Rating80+ Gold,750,Full,5, 42,142.44,3
 EVGA SuperNOVA 650 G+  ,ATX, Rating80+ Gold,650,Full,5, 32,103.0,3
 be quiet! System Power 10  ,ATX, Rating80+ Bronze,450,No,4, 1,128.16,1
 NZXT C1000 ,ATX, Rating80+ Gold,1000,Full,5, 2,134.0,3
 EVGA 500 W1  ,ATX, Rating80+,500,No,4, 186,49.99,0
 Apevia CAPTAIN  ,ATX, Rating,550,No,0, 0,31.99,0
 EVGA 600 BR  ,ATX, Rating80+ Bronze,600,No,5, 34,69.99,1
 be quiet! Pure Power 11  ,ATX, Rating80+ Gold,400,No,5, 2,128.41,3
 be quiet! Straight Power 12  ,ATX, Rating80+ Platinum,850,Full,5, 3,149.9,4
 Thermaltake Toughpower GF A3 - TT Premium Edition  ,ATX, Rating80+ Gold,850,Full,0, 0,104.99,3
 Cooler Master V850 SFX GOLD  ,SFX, Rating80+ Gold,850,Full,5, 36,229.0,3
 MSI MEG Ai1300P PCIE5  ,ATX, Rating80+ Platinum,1300,Full,5, 10,309.99,4
 SeaSonic FOCUS Plus 750 Gold  ,ATX, Rating80+ Gold,750,Full,5, 73,111.55,3
 Apevia Prestige  ,ATX, Rating80+ Gold,800,No,5, 4,66.98,3
 Montech TITAN GOLD 850W  ,ATX, Rating80+ Gold,850,Full,5, 1,109.99,3
 Silverstone SFX  ,SFX, Rating80+ Gold,500,Full,4, 50,111.6,3
 NZXT C1200  ,ATX, Rating80+ Gold,1200,Full,5, 1,194.99,3
 Gigabyte P650G ,ATX, Rating80+ Gold,650,No,0, 0,59.99,3
 Thermaltake Toughpower  ,ATX, Rating80+ Gold,750,Semi,5, 34,79.98,3
 Gigabyte UD-GM PG5  ,ATX, Rating80+ Gold,850,Full,5, 1,124.99,3
 be quiet! Dark Power 13  ,ATX, Rating80+ Titanium,850,Full,5, 2,229.9,5
 Corsair RM750 ,ATX, Rating80+ Gold,750,Full,5, 232,220.0,3
 Lian Li SP750  ,SFX, Rating80+ Gold,750,Full,0, 0,119.99,3
 Gigabyte P450B  ,ATX, Rating80+ Bronze,450,No,4, 9,54.99,1
 EVGA 600 GD  ,ATX, Rating80+ Gold,600,No,5, 11,81.58,3
 EVGA 700 GD  ,ATX, Rating80+ Gold,700,No,4, 16,89.99,3
 EVGA 600 W1  ,ATX, Rating80+,600,No,4, 47,64.98,0
 Corsair RM1200x SHIFT  ,ATX, Rating80+ Gold,1200,Full / Side,5, 3,199.99,3
 be quiet! System Power 10  ,ATX, Rating80+ Bronze,650,No,5, 2,135.91,1
 MSI MPG A750GF  ,ATX, Rating80+ Gold,750,Full,5, 22,89.99,3
 Logisys PS480D  ,ATX, Rating,480,No,1, 2,16.98,0
 EVGA 400 N1  ,ATX, Rating,400,No,4, 33,44.99,0
 Apevia Galaxy  ,ATX, Rating80+ Gold,850,Semi,4, 1,69.98,3
 SeaSonic FOCUS Plus 650 Gold  ,ATX, Rating80+ Gold,650,Full,5, 72,186.67,3
 Asus TUF Gaming 850G  ,ATX, Rating80+ Gold,850,Full,5, 2,235.63,3
 Asus ROG THOR P2 Gaming  ,ATX, Rating80+ Platinum,1000,Full,4, 4,289.91,4
 Cooler Master V750 SFX GOLD  ,SFX, Rating80+ Gold,750,Full,5, 17,129.99,3
 Apevia Premier  ,ATX, Rating80+ Gold,650,Semi,5, 2,59.99,3
 Corsair RM850x SHIFT  ,ATX, Rating80+ Gold,850,Full / Side,5, 4,159.99,3
 Thermaltake Toughpower GF3 TT Premium  ,ATX, Rating80+ Gold,1000,Full,5, 5,155.99,3
 PowerSpec PS 750BSM  ,ATX, Rating80+ Bronze,750,Semi,5, 4,68.98,1
 CoolMax I-500  ,ATX, Rating,500,No,2, 1,26.68,0
 Sparkle FSP350-60GNV  ,SFX, Rating,350,No,0, 0,69.99,0
 be quiet! SFX L Power  ,SFX, Rating80+ Gold,600,Full,0, 0,130.53,3
 ADATA XPG CORE Reactor 850  ,ATX, Rating80+ Gold,850,Full,5, 7,107.99,3
 PowerSpec PS 650BF  ,ATX, Rating80+ Bronze,650,No,5, 2,54.99,1
 Corsair RM1000x  ,ATX, Rating80+ Gold,1000,Full,5, 30,245.0,3
 Corsair RM1000x SHIFT  ,ATX, Rating80+ Gold,1000,Full / Side,5, 3,187.99,3
 Asus ROG THOR P2 Gaming  ,ATX, Rating80+ Platinum,850,Full,5, 1,169.99,4
 Deepcool PX850G  ,ATX, Rating80+ Gold,850,Full,0, 0,104.99,3
 Thermaltake Toughpower GF3 TT Premium  ,ATX, Rating80+ Gold,1650,Full,5, 2,244.99,3
 SeaSonic FOCUS Plus Platinum  ,ATX, Rating80+ Platinum,750,Full,5, 33,159.99,4
 SeaSonic FOCUS GX-1000 ATX 3.0  ,ATX, Rating80+ Gold,1000,Full,5, 1,199.99,3
 be quiet! Pure Power 12 M  ,ATX, Rating80+ Gold,650,Full,5, 1,99.9,3
 Asus Prime AP-750G  ,ATX, Rating80+ Gold,750,Full,0, 0,98.99,3
 SeaSonic VERTEX GX-1200  ,ATX, Rating80+ Gold,1200,Full,5, 11,221.07,3
 Gigabyte P550B  ,ATX, Rating80+ Bronze,550,No,4, 1,71.89,1
 be quiet! Dark Power Pro 13  ,ATX, Rating80+ Titanium,1300,Full,5, 1,369.9,5
 Cooler Master V SFX Platinum  ,SFX, Rating80+ Platinum,1100,Full,4, 1,248.99,4
 Montech TITAN GOLD 1000W  ,ATX, Rating80+ Gold,1000,Full,0, 0,137.99,3
 Deepcool PX1000G  ,ATX, Rating80+ Gold,1000,Full,5, 2,152.59,3
 EVGA SuperNOVA 850 GM  ,SFX, Rating80+ Gold,850,Full,5, 7,164.07,3
 EVGA SuperNOVA 1000 P6  ,ATX, Rating80+ Platinum,1000,Full,5, 5,226.52,4
 SeaSonic FOCUS GX-850 ATX 3.0  ,ATX, Rating80+ Gold,850,Full,5, 1,139.99,3
 Vetroo GV1000  ,ATX, Rating80+ Gold,1000,Full,5, 1,129.99,3
 EVGA 700 BR  ,ATX, Rating80+ Bronze,700,No,5, 22,84.98,1
 Thermaltake TR2  ,ATX, Rating,500,No,4, 20,68.73,0
 EVGA 650 GQ  ,ATX, Rating80+ Gold,650,Semi,5, 106,119.99,3
 Thermaltake Smart BX1  ,ATX, Rating80+ Bronze,750,No,5, 1,74.98,1
 EVGA GE  ,ATX, Rating80+ Gold,800,No,5, 1,145.78,3
 Thermaltake Toughpower GF A3 - TT Premium Edition  ,ATX, Rating80+ Gold,650,Full,0, 0,97.41,3
 Thermaltake Toughpower GF A3 - TT Premium Edition  ,ATX, Rating80+ Gold,1050,Full,0, 0,134.99,3
 be quiet! Pure Power 12 M  ,ATX, Rating80+ Gold,550,Full,5, 1,169.9,3
 SeaSonic FOCUS GX  ,ATX, Rating80+ Gold,1000,Full,5, 8,169.99,3
 Thermaltake Toughpower GF1 PE  ,ATX, Rating80+ Gold,850,Full,5, 42,102.11,3
 Thermaltake Smart BM3  ,ATX, Rating80+ Bronze,850,Semi,4, 1,79.98,1
 Corsair SF600  ,SFX, Rating80+ Platinum,600,Full,5, 85,225.0,4
 be quiet! System Power 10  ,ATX, Rating80+ Bronze,750,No,5, 2,151.2,1
 Deepcool PM750D  ,ATX, Rating80+ Gold,750,No,0, 0,82.99,3
 EVGA 650 B5  ,ATX, Rating80+ Bronze,650,Full,5, 14,84.99,1
 Super Flower Leadex III Gold  ,ATX, Rating80+ Gold,750,Full,5, 21,105.62,3
 Thermaltake Toughpower GF A3 - TT Premium Edition  ,ATX, Rating80+ Gold,750,Full,0, 0,89.99,3
 Deepcool PQ1000M  ,ATX, Rating80+ Gold,1000,Full,5, 2,135.99,3
 MSI MEG Ai1000P PCIE5  ,ATX, Rating80+ Platinum,1000,Full,5, 1,251.0,4
 be quiet! System Power 10  ,ATX, Rating80+ Gold,850,No,5, 2,187.38,3
 Corsair RM750x ,ATX, Rating80+ Gold,750,Full,5, 147,169.96,3
 be quiet! Straight Power 12  ,ATX, Rating80+ Platinum,750,Full,0, 0,139.9,4
 Corsair RM650x ,ATX, Rating80+ Gold,650,Full,5, 14,163.59,3
 Silverstone SX500-G  ,SFX, Rating80+ Gold,500,Full,5, 2,116.47,3
 MSI MPG A850GF  ,ATX, Rating80+ Gold,850,Full,5, 19,165.0,3
 SeaSonic FOCUS Plus Platinum  ,ATX, Rating80+ Platinum,850,Full,5, 22,174.99,4
 SeaSonic G12 GC  ,ATX, Rating80+ Gold,650,No,0, 0,110.5,3
 Silverstone SFX  ,SFX, Rating80+ Titanium,800,Full,5, 8,217.98,5
 be quiet! System Power 10  ,ATX, Rating80+ Bronze,550,No,0, 0,149.9,1
 Corsair RM850x ,ATX, Rating80+ Gold,850,Full,5, 163,144.99,3
 EVGA 750 GQ  ,ATX, Rating80+ Gold,750,Semi,5, 60,109.26,3
 GameMax GX Pro Rampage  ,ATX, Rating80+ Gold,850,Full,0, 0,109.99,3
 Thermaltake Toughpower GF3 TT Premium  ,ATX, Rating80+ Gold,750,Full,5, 1,104.49,3
 Corsair HX1000 Platinum  ,ATX, Rating80+ Platinum,1000,Full,5, 29,390.0,4
 EVGA SuperNOVA 1000G XC  ,ATX, Rating80+ Gold,1000,Full,0, 0,124.99,3
 EVGA SuperNOVA 1300 GT  ,ATX, Rating80+ Gold,1300,Full,5, 2,219.99,3
 Corsair AX1200i  ,ATX, Rating80+ Platinum,1200,Full,5, 56,657.73,4
 Asus ROG-STRIX-850G  ,ATX, Rating80+ Gold,850,Full,5, 7,168.16,3
 Super Flower Leadex Platinum SE  ,ATX, Rating80+ Platinum,1200,Full,5, 3,177.98,4
 Corsair RM650x ,ATX, Rating80+ Gold,650,Full,5, 96,179.99,3
 SeaSonic S12III  ,ATX, Rating80+ Bronze,500,No,5, 18,68.9,1
 MSI MPG A1000G  ,ATX, Rating80+ Gold,1000,Full,5, 2,179.99,3
 GameMax GX Pro Rampage  ,ATX, Rating80+ Platinum,1050,Full,0, 0,159.99,4
 Thermaltake Toughpower GF3 TT Premium  ,ATX, Rating80+ Gold,850,Full,5, 1,119.99,3
 Asus ROG Strix  ,ATX, Rating80+ Gold,750,Full,5, 12,119.99,3
 EVGA SuperNOVA 850G XC  ,ATX, Rating80+ Gold,850,Full,0, 0,109.99,3
 Cooler Master V SFX Gold ATX 3.0  ,SFX, Rating80+ Gold,850,Full,0, 0,147.99,3
 Thermaltake Toughpower GF A3 - TT Premium Edition  ,ATX, Rating80+ Gold,1200,Full,5, 1,154.99,3
 Asus ROG Strix Aura Edition  ,ATX, Rating80+ Gold,1000,Full,5, 3,208.67,3
 EVGA 850 BQ  ,ATX, Rating80+ Bronze,850,Semi,5, 22,99.99,1
 Cooler Master MWE Gold V2 ATX3.0  ,ATX, Rating80+ Gold,1250,Full,0, 0,129.99,3
 Silverstone FX600 Platinum  ,Flex ATX, Rating,600,No,0, 0,179.99,0
 EVGA SuperNOVA 650 GM  ,SFX, Rating80+ Gold,650,Full,5, 36,128.63,3
 EVGA SuperNOVA 850 G5  ,ATX, Rating80+ Gold,850,Full,5, 16,134.99,3
 Asus ROG LOKI  ,SFX, Rating80+ Platinum,850,Full,5, 1,194.04,4
 be quiet! SFX Power 3 450  ,SFX, Rating80+ Bronze,450,No,0, 0,103.1,1
 ADATA XPG CORE Reactor 650  ,ATX, Rating80+ Gold,650,Full,5, 2,87.99,3
 ADATA XPG CORE Reactor 750  ,ATX, Rating80+ Gold,750,Full,5, 10,97.99,3
 be quiet! SFX L Power  ,SFX, Rating80+ Gold,500,Full,4, 3,180.53,3
 Thermaltake Smart BX1 650  ,ATX, Rating80+ Bronze,650,No,4, 5,59.99,1
 SeaSonic FOCUS Plus Gold  ,ATX, Rating80+ Gold,1000,Full,5, 11,169.99,3
 Deepcool PM850D  ,ATX, Rating80+ Gold,850,No,4, 1,87.98,3
 Corsair HX1500i ,ATX, Rating80+ Platinum,1500,Full,5, 4,399.99,4
 Super Flower Leadex Platinum SE  ,ATX, Rating80+ Platinum,1000,Full,0, 0,210.62,4
 be quiet! Dark Power 13  ,ATX, Rating80+ Titanium,750,Full,0, 0,189.9,5
 Corsair SF450  ,SFX, Rating80+ Platinum,450,Full,5, 17,229.0,4
 SeaSonic FOCUS PX  ,ATX, Rating80+ Platinum,850,Full,5, 13,174.99,4
 EVGA SuperNOVA 1000 G+  ,ATX, Rating80+ Gold,1000,Full,5, 16,342.0,3
 Corsair RM850x  ,ATX, Rating80+ Gold,850,Full,5, 34,180.94,3
 EVGA SuperNOVA 1600 G2  ,ATX, Rating80+ Gold,1600,Full,4, 5,497.0,3
 SeaSonic VERTEX PX-1200  ,ATX, Rating80+ Platinum,1200,Full,5, 1,329.99,4
 BitFenix BFG GOLD ATX3.0  ,ATX, Rating80+ Gold,750,Full,0, 0,79.9,3
 Silverstone SX1000-LPT  ,SFX, Rating80+ Platinum,1000,Full,5, 6,254.04,4
 Corsair RM850  ,ATX, Rating80+ Gold,850,Full,5, 20,197.94,3
 SeaSonic PRIME Ultra Titanium  ,ATX, Rating80+ Titanium,1000,Full,5, 7,304.99,5
 be quiet! Straight Power 12  ,ATX, Rating80+ Platinum,1500,Full,0, 0,249.9,4
 Corsair SF600  ,SFX, Rating80+ Gold,600,Full,5, 103,229.0,3
 Asus ROG LOKI  ,SFX, Rating80+ Platinum,850,Full,5, 1,219.99,4
 Enermax REVOLUTION D.F. 2  ,ATX, Rating80+ Gold,1050,Full,5, 2,113.99,3
 FSP Group Hydro GE  ,ATX, Rating80+ Gold,550,Full,0, 0,74.98,3
 EVGA 650 BQ  ,ATX, Rating80+ Bronze,650,Semi,5, 53,84.99,1
 CoolMax ZX-500  ,ATX, Rating80+,500,No,5, 1,39.99,0
 Gigabyte UD1000GM PG5 ,ATX, Rating80+ Gold,1000,Full,0, 0,119.99,3
 EVGA 750 B5  ,ATX, Rating80+ Bronze,750,Full,5, 11,99.99,1
 Corsair HX1000i  ,ATX, Rating80+ Platinum,1000,Full,5, 41,399.0,4
 Corsair RM750x SHIFT  ,ATX, Rating80+ Gold,750,Full / Side,5, 2,129.99,3
 GameMax GX Pro Rampage  ,ATX, Rating80+ Gold,850,Full,0, 0,85.99,3
 Asus ROG Strix Aura Edition  ,ATX, Rating80+ Gold,1200,Full,0, 0,239.99,3
 Aerocool LUX RGB 750M ,ATX, Rating80+ Bronze,750,Semi,0, 0,93.54,1
 SeaSonic FOCUS GX  ,ATX, Rating80+ Gold,650,Full,5, 25,135.52,3
 SeaSonic S12III  ,ATX, Rating80+ Bronze,650,No,5, 23,76.86,1
 Asus ROG LOKI  ,SFX, Rating80+ Platinum,750,Full,5, 3,243.9,4
 Silverstone SFX  ,SFX, Rating80+ Bronze,300,No,0, 0,73.97,1
 EVGA SuperNOVA 1000 G5  ,ATX, Rating80+ Gold,1000,Full,5, 4,159.99,3
 SeaSonic VERTEX GX-1000  ,ATX, Rating80+ Gold,1000,Full,5, 3,189.99,3
 EVGA 550 BP  ,ATX, Rating80+ Bronze,550,No,5, 1,64.61,1
 Corsair HX850 Platinum  ,ATX, Rating80+ Platinum,850,Full,5, 16,349.0,4
 Silverstone SFX  ,SFX, Rating80+ Bronze,450,No,4, 1,95.38,1
 SeaSonic PRIME TX  ,ATX, Rating80+ Titanium,1300,Full,5, 1,439.99,5
 Silverstone HELA 1200R  ,ATX, Rating80+ Platinum,1200,Full,5, 3,249.99,4
 EVGA SuperNOVA 850 G6  ,ATX, Rating80+ Gold,850,Full,5, 10,179.99,3
 be quiet! Pure Power 9 CM  ,ATX, Rating80+ Bronze,600,Semi,5, 1,145.9,1
 Silverstone FX350-G  ,Flex ATX, Rating80+ Gold,350,No,5, 1,96.99,3
 be quiet! Straight Power 11 750W  ,ATX, Rating80+ Gold,750,Full,5, 12,260.0,3
 EVGA SuperNOVA 750 G3  ,ATX, Rating80+ Gold,750,Full,5, 188,307.99,3
 Deepcool PX1000G WH  ,ATX, Rating80+ Gold,1000,Full,0, 0,160.98,3
 be quiet! Pure Power 12 M  ,ATX, Rating80+ Gold,1200,Full,0, 0,169.9,3
 Cooler Master XG850 Plus  ,ATX, Rating80+ Platinum,850,Full,5, 1,154.99,4
 Asus ROG THOR P2 Gaming EVA Edition  ,ATX, Rating80+ Platinum,1000,Full,5, 1,503.98,4
 Apevia Galaxy  ,ATX, Rating80+ Gold,1000,Semi,3, 1,79.98,3
 Corsair RM650 ,ATX, Rating80+ Gold,650,Full,5, 67,210.08,3
 EVGA SuperNOVA 750 GM  ,SFX, Rating80+ Gold,750,Full,5, 4,157.59,3
 Asus ROG THOR 850P  ,ATX, Rating80+ Platinum,850,Full,5, 15,349.99,4
 EVGA 600 BQ  ,ATX, Rating80+ Bronze,600,Semi,5, 129,159.99,1
 Cooler Master Elite 400 V3  ,ATX, Rating80+,400,No,3, 1,63.49,0
 SeaSonic VERTEX PX-1000  ,ATX, Rating80+ Platinum,1000,Full,0, 0,279.99,4
 Apevia Signature  ,ATX, Rating80+ Bronze,1050,Semi,4, 6,68.98,1
 Super Flower Leadex III Gold  ,ATX, Rating80+ Gold,850,Full,5, 21,119.99,3
 Corsair RM750  ,ATX, Rating80+ Gold,750,Full,5, 23,195.99,3
 Raidmax XT  ,ATX, Rating,400,No,0, 0,30.99,0
 Corsair CX550M  ,ATX, Rating80+ Bronze,550,Semi,5, 175,191.0,1
 be quiet! Pure Power 11 600  ,ATX, Rating80+ Gold,600,No,0, 0,165.05,3
 EVGA 500 GD  ,ATX, Rating80+ Gold,500,No,5, 12,95.15,3
 Montech CENTURY G5  ,ATX, Rating80+ Gold,850,Full,0, 0,99.0,3
 Asus Prime AP-850G  ,ATX, Rating80+ Gold,850,Full,0, 0,129.99,3
 EVGA SuperNOVA 650 G5  ,ATX, Rating80+ Gold,650,Full,5, 24,114.99,3
 Deepcool DQ750-M-V2L  ,ATX, Rating80+ Gold,750,Full,5, 11,196.37,3
 EVGA 750 N1  ,ATX, Rating,750,No,5, 7,68.48,0
 Corsair CX450M ,ATX, Rating80+ Bronze,450,Semi,5, 145,179.99,1
 Corsair CX650 ,ATX, Rating80+ Bronze,650,No,5, 25,148.97,1
 SeaSonic FOCUS GX-750 ATX 3.0  ,ATX, Rating80+ Gold,750,Full,0, 0,109.99,3
 Fractal Design Ion Gold  ,ATX, Rating80+ Gold,550,Full,5, 1,128.44,3
 Thermaltake Toughpower GX1  ,ATX, Rating80+ Gold,600,No,5, 4,80.75,3
 Corsair AX1500i  ,ATX, Rating80+ Titanium,1500,Full,5, 9,749.0,5
 EVGA 850 GQ  ,ATX, Rating80+ Gold,850,Semi,5, 24,184.43,3
 KOLINK Regulator  ,ATX, Rating80+ Gold,750,Full,0, 0,109.99,3
 be quiet! System Power 9 CM  ,ATX, Rating80+ Bronze,400,Semi,4, 1,143.69,1
 EVGA SuperNOVA 650 G3  ,ATX, Rating80+ Gold,650,Full,5, 148,169.99,3
 Raidmax RX-530SS  ,ATX, Rating,530,Semi,4, 16,49.99,0
 SeaSonic FOCUS  ,ATX, Rating80+ Gold,850,Semi,5, 8,135.61,3
 Thermaltake Toughpower GX3  ,ATX, Rating80+ Gold,850,No,0, 0,89.99,3
 Silverstone Extreme 850R Platinum  ,SFX, Rating80+ Platinum,850,Full,4, 2,224.37,4
 NZXT C650  ,ATX, Rating80+ Bronze,650,Semi,5, 2,89.54,1
 SeaSonic PRIME TX-1300 ATX 3.0  ,ATX, Rating80+ Titanium,1300,Full,0, 0,516.98,5
 Corsair HX1200i  ,ATX, Rating80+ Platinum,1200,Full,5, 12,599.0,4
 Corsair HX750 Platinum  ,ATX, Rating80+ Platinum,750,Full,5, 24,346.0,4
 Thermaltake Toughpower GF3 TT Premium  ,ATX, Rating80+ Gold,1350,Full,0, 0,247.82,3
 Corsair RM750x White ,ATX, Rating80+ Gold,750,Full,5, 62,225.0,3
 Logisys PS480D2  ,ATX, Rating,480,No,2, 1,16.98,0
 EVGA 650 N1  ,ATX, Rating,650,No,5, 4,71.91,0
 SeaSonic FOCUS SGX  ,SFX, Rating80+ Gold,650,Full,5, 24,170.3,3
 Silverstone DA750 Gold  ,ATX, Rating80+ Gold,750,Full,0, 0,152.08,3
 EVGA SuperNOVA 750 G5  ,ATX, Rating80+ Gold,750,Full,5, 23,137.65,3
 EVGA GE  ,ATX, Rating80+ Gold,600,No,0, 0,79.98,3
 be quiet! Straight Power 11 850W  ,ATX, Rating80+ Gold,850,Full,5, 8,269.52,3
 Thermaltake Toughpower GF3 TT Premium  ,ATX, Rating80+ Gold,1200,Full,4, 2,199.99,3
 Fractal Design Ion Gold  ,ATX, Rating80+ Gold,850,Full,5, 2,187.47,3
 Corsair RM750x  ,ATX, Rating80+ Gold,750,Full,5, 72,174.92,3
 Corsair RM550x ,ATX, Rating80+ Gold,550,Full,5, 30,216.0,3
 Montech TITAN GOLD 1200W  ,ATX, Rating80+ Gold,1200,Full,0, 0,167.99,3
 SeaSonic FOCUS SGX ,SFX, Rating80+ Gold,750,Full,5, 1,139.99,3
 ADATA XPG FUSION 1600  ,ATX, Rating80+ Titanium,1600,Full,0, 0,699.99,5
 FSP Group Dagger Pro  ,SFX, Rating80+ Gold,650,Full,5, 1,136.99,3
 PowerSpec PS 650GSM  ,ATX, Rating80+ Gold,650,Semi,5, 6,74.98,3
 GameMax RGB Rainbow  ,ATX, Rating80+ Gold,850,Full,5, 6,104.99,3
 Thermaltake Toughpower GF1 PE  ,ATX, Rating80+ Gold,750,Full,5, 16,123.26,3
 EVGA 850 B5  ,ATX, Rating80+ Bronze,850,Full,5, 6,94.99,1
 SeaSonic PRIME PX-1600 ATX 3.0  ,ATX, Rating80+ Platinum,1600,Full,0, 0,499.07,4
 Corsair RM650  ,ATX, Rating80+ Gold,650,Full,5, 4,204.99,3
 Deepcool PX850G WH  ,ATX, Rating80+ Gold,850,Full,0, 0,155.58,3
 SeaSonic PRIME TX-850  ,ATX, Rating80+ Titanium,850,Full,5, 4,459.0,5
 Corsair CX750M V2 ,ATX, Rating80+ Bronze,750,Semi,4, 12,209.0,1
 EVGA SuperNOVA 750 P5  ,ATX, Rating80+ Platinum,750,Full,5, 1,99.99,4
 Corsair CX750 ,ATX, Rating80+ Bronze,750,No,4, 7,94.99,1
 Super Flower LEADEX VII XG  ,ATX, Rating80+ Gold,1000,Full,5, 2,173.98,3
 Cooler Master MasterWatt 550  ,ATX, Rating80+ Bronze,550,Semi,4, 28,90.0,1
 Super Flower LEADEX VII XG  ,ATX, Rating80+ Gold,1300,Full,5, 1,190.98,3
 Corsair HX850i  ,ATX, Rating80+ Platinum,850,Full,5, 34,396.0,4
 Corsair CX650F  ,ATX, Rating80+ Bronze,650,Full,5, 19,199.99,1
 Corsair CXM  ,ATX, Rating80+ Bronze,750,Semi,5, 300,162.59,1
 Thermaltake Toughpower TF1 - TT Premium  ,ATX, Rating80+ Titanium,1550,Full,0, 0,439.99,5
 Enermax REVOLUTION D.F. 2  ,ATX, Rating80+ Gold,850,Full,5, 1,109.99,3
 Fractal Design Ion Gold  ,ATX, Rating80+ Gold,750,Full,5, 3,212.02,3
 Montech CENTURY G5  ,ATX, Rating80+ Gold,750,Full,0, 0,94.0,3
 Xilence XP500R6  ,ATX, Rating,500,No,3, 1,103.0,0
 GameMax RGB Rainbow  ,ATX, Rating80+ Gold,750,Full,5, 3,99.99,3
 Raidmax RX-730SS  ,ATX, Rating,730,Semi,4, 8,54.99,0
 Thermaltake Toughpower SFX  ,SFX, Rating80+ Gold,1000,Full,0, 0,178.41,3
 Corsair RM850e ,ATX, Rating80+ Gold,850,Full,5, 8,179.98,3
 EVGA SuperNOVA 1000 G6  ,ATX, Rating80+ Gold,1000,Full,5, 11,198.46,3
 Corsair RM850x White  ,ATX, Rating80+ Gold,850,Full,5, 16,379.99,3
 SeaSonic VERTEX GX-850  ,ATX, Rating80+ Gold,850,Full,0, 0,190.0,3
 FSP Group FSP400-60FGGBA  ,Flex ATX, Rating80+ Gold,400,No,4, 1,109.99,3
 Cougar POLAR  ,ATX, Rating80+ Platinum,1200,Full,0, 0,234.99,4
 Thermaltake Thermaltake TP-750M  ,ATX, Rating80+ Gold,750,Semi,5, 5,79.98,3
 Thermaltake Toughpower iRGB PLUS 1000 Platinum  ,ATX, Rating80+ Platinum,1000,Full,0, 0,1879.86,4
 be quiet! System Power 9 700 CM  ,ATX, Rating80+ Bronze,700,Semi,5, 2,165.2,1
 EVGA SuperNOVA 1000 G7  ,ATX, Rating80+ Gold,1000,Full,5, 2,248.98,3
 Antec CSK  ,ATX, Rating80+ Bronze,750,Semi,0, 0,100.83,1
 Super Flower LEADEX VII XG  ,ATX, Rating80+ Gold,850,Full,5, 4,159.99,3
 FSP Group Hydro G Pro  ,ATX, Rating80+ Gold,1000,Full,5, 2,179.51,3
 Silverstone Strider Platinum S  ,ATX, Rating80+ Platinum,1000,Full,0, 0,212.99,4
 Super Flower Leadex III Gold  ,ATX, Rating80+ Gold,550,Full,5, 1,125.99,3
 Thermaltake Toughpower SFX  ,SFX, Rating80+ Gold,750,Full,0, 0,154.99,3
 EVGA 750 BQ  ,ATX, Rating80+ Bronze,750,Semi,5, 45,138.72,1
 be quiet! System Power 9  ,ATX, Rating80+ Bronze,600,No,5, 9,114.18,1
 Phanteks AMP v2  ,ATX, Rating80+ Gold,1000,Full,0, 0,167.3,3
 Silverstone SST-TX300  ,TFX, Rating80+ Bronze,300,No,5, 2,74.98,1
 EVGA 700 BQ  ,ATX, Rating80+ Bronze,700,Semi,5, 1,104.95,1
 Cooler Master MWE Bronze  ,ATX, Rating80+ Bronze,500,No,4, 1,88.49,1
 Super Flower Leadex Titanium  ,ATX, Rating80+ Titanium,1600,Full,5, 3,299.99,5
 Corsair RM850 ,ATX, Rating80+ Gold,850,Full,5, 96,187.68,3
 Apevia Prestige  ,ATX, Rating80+ Gold,1000,No,0, 0,74.98,3
 EVGA SuperNOVA 650 P5  ,ATX, Rating80+ Platinum,650,Full,0, 0,129.99,4
 SeaSonic FOCUS Gold  ,ATX, Rating80+ Gold,550,Semi,5, 12,139.28,3
 Asus TUF Gaming B  ,ATX, Rating80+ Bronze,550,No,5, 1,69.98,1
 EVGA 750 BP  ,ATX, Rating80+ Bronze,750,No,0, 0,79.99,1
 Thermaltake  Toughpower SFX 600W Gold  ,SFX, Rating80+ Gold,600,Full,5, 1,127.13,3
 EVGA 650BP  ,ATX, Rating80+ Bronze,650,No,5, 3,74.99,1
 be quiet! Straight Power 11 550W  ,ATX, Rating80+ Gold,550,Full,5, 6,109.9,3
 Corsair Vengeance 750M  ,ATX, Rating80+ Silver,750,Semi,5, 3,94.99,2
 Thermaltake Toughpower SFX  ,SFX, Rating80+ Gold,850,Full,5, 2,179.99,3
 EVGA SuperNOVA 850 P5  ,ATX, Rating80+ Platinum,850,Full,5, 2,119.99,4
 CoolMax V-400  ,ATX, Rating,400,No,4, 4,37.27,0
 Corsair RM1000e ,ATX, Rating80+ Gold,1000,Full,5, 8,242.99,3
 EVGA SuperNOVA 1600 G+  ,ATX, Rating80+ Gold,1600,Full,0, 0,327.66,3
 EVGA GE  ,ATX, Rating80+ Gold,700,No,5, 2,93.66,3
 EVGA SuperNOVA 650 GA  ,ATX, Rating80+ Gold,650,Full,5, 43,129.99,3
 EVGA SuperNOVA 750 GA  ,ATX, Rating80+ Gold,750,Full,5, 30,189.99,3
 Corsair HX1000i ,ATX, Rating80+ Platinum,1000,Full,4, 7,275.0,4
 EVGA SuperNOVA 750 G+  ,ATX, Rating80+ Gold,750,Full,5, 24,229.99,3
 Corsair CX750F  ,ATX, Rating80+ Bronze,750,Full,5, 8,220.0,1
 Thermaltake Smart RGB 230V  ,ATX, Rating80+,500,No,5, 1,140.0,0
 EVGA SuperNOVA 1000 P3  ,ATX, Rating80+ Platinum,1000,Full,5, 2,199.99,4
 EVGA SuperNOVA 750 G6  ,ATX, Rating80+ Gold,750,Full,5, 7,137.34,3
 SeaSonic G12 GM  ,ATX, Rating80+ Gold,850,Semi,0, 0,135.61,3
 be quiet! SFX Power 3 300  ,SFX, Rating80+ Bronze,300,No,0, 0,73.79,1
 Antec Signature  ,ATX, Rating80+ Titanium,1000,Full,5, 2,283.7,5
 Gigabyte UD850GM PG5 ,ATX, Rating80+ Gold,850,Full,0, 0,167.56,3
 Asus ROG Strix Aura Edition  ,ATX, Rating80+ Gold,850,Full,0, 0,178.5,3
 Azza PSAZ-550W  ,ATX, Rating80+ Bronze,550,No,0, 0,54.99,1
 Silverstone ET500-ARGB  ,ATX, Rating80+ Bronze,500,No,0, 0,98.7,1
 SeaSonic G12 GM  ,ATX, Rating80+ Gold,650,Semi,0, 0,146.07,3
 Thermaltake TR2  ,ATX, Rating80+ Bronze,450,No,0, 0,49.99,1
 Deepcool PX1200G  ,ATX, Rating80+ Gold,1200,Full,0, 0,178.3,3
 EVGA SuperNOVA 1300 G+  ,ATX, Rating80+ Gold,1300,Full,5, 4,199.95,3
 Super Flower Leadex III ARGB  ,ATX, Rating80+ Gold,750,Full,5, 3,159.99,3
 Cooler Master MWE Gold V2 ATX3.0  ,ATX, Rating80+ Gold,1050,Full,0, 0,168.99,3
 EVGA SuperNOVA 1000 G3  ,ATX, Rating80+ Gold,1000,Full,5, 24,395.76,3
 SHARKOON SilentStorm  ,SFX, Rating80+ Gold,500,Full,5, 3,108.32,3
 Athena Power AP-MTFX30  ,TFX, Rating,300,No,0, 0,36.99,0
 EVGA 1000 GQ  ,ATX, Rating80+ Gold,1000,Semi,5, 8,139.99,3
 SeaSonic G12 GC  ,ATX, Rating80+ Gold,550,No,0, 0,98.19,3
 Super Flower Leadex Platinum  ,ATX, Rating80+ Platinum,850,Full,0, 0,142.98,4
 SeaSonic FOCUS SPX ,SFX, Rating80+ Platinum,750,Full,3, 1,197.98,4
 EVGA SuperNOVA 850 GA  ,ATX, Rating80+ Gold,850,Full,5, 25,272.99,3
 EVGA SuperNOVA 1600 P+  ,ATX, Rating80+ Platinum,1600,Full,5, 2,375.88,4
 Gigabyte UD1300GM PG5  ,ATX, Rating80+ Gold,1300,Full,0, 0,189.31,3
 Corsair CS650M  ,ATX, Rating80+ Gold,650,Semi,5, 42,119.99,3
 SeaSonic FOCUS  ,ATX, Rating80+ Platinum,750,Full,5, 8,169.98,4
 Thermaltake Toughpower PF3-L  ,ATX, Rating80+ Platinum,1200,Full,0, 0,194.99,4
 Super Flower Leadex III Gold  ,ATX, Rating80+ Gold,650,Full,5, 5,125.99,3
 GameMax RGB  ,ATX, Rating80+ Platinum,1300,Full,0, 0,169.99,4
 SeaSonic Prime Fanless PX-500  ,ATX, Rating80+ Platinum,500,Full,0, 0,284.47,4
 Super Flower Leadex V Pro  ,ATX, Rating80+ Platinum,1000,Full,0, 0,177.98,4
 SeaSonic PRIME Ultra Titanium  ,ATX, Rating80+ Titanium,850,Full,5, 5,449.0,5
 Silverstone SX-G  ,SFX, Rating80+ Gold,700,Full,4, 1,135.25,3
 G.Skill MB750G  ,ATX, Rating80+ Gold,750,Full,0, 0,86.99,3
 Apex AL-8250SFX  ,SFX, Rating,250,No,3, 2,72.02,0
 EVGA SuperNOVA 1200 P3  ,ATX, Rating80+ Platinum,1200,Full,0, 0,346.98,4
 Xilence XP600R6  ,ATX, Rating,600,No,0, 0,110.3,0
 Cougar VTE  ,ATX, Rating80+ Bronze,600,No,3, 1,56.99,1
 Silverstone Essential  ,ATX, Rating80+ Gold,550,No,5, 3,68.63,3
 Silverstone SX700-PT  ,SFX, Rating80+ Platinum,700,Full,4, 5,155.19,4
 SeaSonic PRIME TX-750  ,ATX, Rating80+ Titanium,750,Full,5, 2,357.92,5
 Silverstone TX500-G  ,TFX, Rating80+ Gold,500,No,0, 0,145.91,3
 EVGA N1  ,ATX, Rating,550,No,5, 13,59.99,0
 GAMDIAS KRATOS P1 G  ,ATX, Rating80+ Gold,750,No,5, 1,84.99,3
 PowerSpec GFM  ,ATX, Rating80+ Gold,750,Full,3, 1,94.99,3
 EVGA SuperNOVA 550 GA  ,ATX, Rating80+ Gold,550,Full,5, 18,174.99,3
 EVGA SuperNOVA 1600 P2  ,ATX, Rating80+ Platinum,1600,Full,5, 5,549.99,4
 Corsair RM750e ,ATX, Rating80+ Gold,750,Full,5, 19,160.0,3
 Silverstone SX1000R-PL  ,SFX, Rating80+ Platinum,1000,Full,0, 0,287.58,4
 NZXT E850  ,ATX, Rating80+ Gold,850,Full,4, 3,129.99,3
 ADATA XPG Core Reactor II  ,ATX, Rating80+ Gold,850,Full,0, 0,109.99,3
 EVGA SuperNOVA 750 G7  ,ATX, Rating80+ Gold,750,Full,5, 1,119.99,3
 Gigabyte AORUS P GM  ,ATX, Rating80+ Gold,750,Full,4, 6,155.99,3
 Enermax REVOLUTION D.F. 2  ,ATX, Rating80+ Gold,1200,Full,0, 0,142.99,3
 Cooler Master V850 Gold V2  ,ATX, Rating80+ Gold,850,Full,4, 1,216.49,3
 Raidmax Vortex  ,ATX, Rating80+ Gold,600,No,0, 0,49.99,3
 Corsair CX550F  ,ATX, Rating80+ Bronze,550,Full,5, 6,159.99,1
 EVGA 550 B5  ,ATX, Rating80+ Bronze,550,Full,5, 17,151.75,1
 SeaSonic VERTEX PX-850  ,ATX, Rating80+ Platinum,850,Full,0, 0,219.99,4
 Razer Katana Chroma  ,ATX, Rating80+ Platinum,1200,Full,0, 0,389.99,4
 Super Flower Leadex Titanium  ,ATX, Rating80+ Titanium,1000,Full,5, 4,204.98,5
 Super Flower Leadex III ARGB  ,ATX, Rating80+ Gold,650,Full,5, 2,144.99,3
 Cooler Master GX III GOLD  ,ATX, Rating80+ Gold,750,Full,0, 0,148.79,3
 Azza PSAZ-650W  ,ATX, Rating80+ Bronze,650,No,0, 0,52.99,1
 Thermaltake Toughpower GF A3 - TT Premium Edition  ,ATX, Rating80+ Gold,1200,Full,0, 0,199.2,3
 Silverstone HELA 850R  ,ATX, Rating80+ Platinum,850,Full,5, 1,222.27,4
 EVGA SuperNOVA 650 G1  ,ATX, Rating80+ Gold,650,Full,5, 237,223.49,3
 SHARKOON SilentStorm Cool Zero 650  ,ATX, Rating80+ Gold,650,Full,4, 1,117.59,3
 SeaSonic PRIME 1300 Gold  ,ATX, Rating80+ Gold,1300,Full,4, 1,288.99,3
 Cooler Master MasterWatt  ,ATX, Rating80+ Bronze,750,Semi,4, 16,97.99,1
 Corsair CX650F  ,ATX, Rating80+ Bronze,650,Full,4, 15,179.99,1
 In Win IP-S200DF1-0  ,TFX, Rating,200,No,0, 0,52.02,0
" FSP Group Hydro PTM X PRO,Gen5  ",ATX, Rating80+ Platinum,850,Full,0, 0,169.4,4
" FSP Group Hydro PTM X PRO,Gen5  ",ATX, Rating80+ Platinum,1000,Full,0, 0,184.99,4
 EVGA SuperNOVA 850 G7  ,ATX, Rating80+ Gold,850,Full,4, 1,159.99,3
 be quiet! Straight Power 11 1000W  ,ATX, Rating80+ Gold,1000,Full,0, 0,259.2,3
 Cooler Master V850 Gold i  ,ATX, Rating80+ Gold,850,Full,0, 0,160.66,3
 Deepcool PM650D  ,ATX, Rating80+ Gold,650,No,0, 0,79.99,3
 Vetroo GV1000  ,ATX, Rating80+ Gold,1000,Full,0, 0,129.99,3
 SeaSonic PRIME PX  ,ATX, Rating80+ Platinum,1000,Full,4, 1,459.0,4
 KOLINK Regulator  ,ATX, Rating80+ Gold,850,Full,0, 0,129.99,3
 Antec CSK  ,ATX, Rating80+ Bronze,650,No,0, 0,80.03,1
 Thermaltake Toughpower Grand RGB  ,ATX, Rating80+ Gold,750,Full,5, 26,144.98,3
 MSI MPG A750G PCIE5  ,ATX, Rating80+ Gold,750,Full,5, 1,125.35,3
 Super Flower Leadex Titanium  ,ATX, Rating80+ Titanium,850,Full,5, 1,199.99,5
 Silverstone Strider Titanium  ,ATX, Rating80+ Titanium,1300,Full,5, 1,359.99,5
 EVGA 600 B1  ,ATX, Rating80+ Bronze,600,No,4, 153,161.99,1
 Corsair RM650  ,ATX, Rating80+ Gold,650,Full,5, 105,222.2,3
 ADATA XPG Core Reactor II  ,ATX, Rating80+ Gold,1000,Full,0, 0,134.99,3
 GAMDIAS KRATOS M1 B  ,ATX, Rating80+ Bronze,750,No,4, 5,79.98,1
 Razer Katana Chroma  ,ATX, Rating80+ Platinum,850,Full,0, 0,209.99,4
 Thermaltake TR2 S  ,ATX, Rating80+,600,No,4, 1,174.94,0
 be quiet! Straight Power 11  ,ATX, Rating80+ Platinum,750,Full,5, 3,208.48,4
 Antec NE1000G M ATX3.0  ,ATX, Rating80+ Gold,1000,Full,0, 0,154.99,3
 SHARKOON SilentStorm Cool Zero 750  ,ATX, Rating80+ Gold,750,Full,4, 2,173.39,3
 EVGA SuperNOVA 650 G6  ,ATX, Rating80+ Gold,650,Full,5, 4,116.36,3
 Cooler Master V650 Gold V2  ,ATX, Rating80+ Gold,650,Full,5, 1,267.97,3
 Antec NeoECO Gold  ,ATX, Rating80+ Gold,850,Full,5, 1,152.16,3
 Thermaltake Toughpower GX1  ,ATX, Rating80+ Gold,600,Semi,0, 0,91.82,3
 Super Flower Leadex Platinum SE  ,ATX, Rating80+ Platinum,1000,Full,5, 3,139.99,4
 Silverstone TX700-G  ,TFX, Rating80+ Gold,700,No,0, 0,181.78,3
 Azza ARGB  ,ATX, Rating80+ Bronze,650,No,0, 0,64.98,1
 Enermax Revolution D.F. X  ,ATX, Rating80+ Gold,850,Full,0, 0,114.99,3
 Silverstone SX650-G  ,SFX, Rating80+ Gold,650,Full,4, 5,137.99,3
 NZXT C ,ATX, Rating80+ Gold,650,Full,5, 8,104.99,3
 EVGA SuperNOVA 1200 P2  ,ATX, Rating80+ Platinum,1200,Full,5, 14,499.99,4
 EVGA SuperNOVA 650 P6  ,ATX, Rating80+ Platinum,650,Full,5, 1,139.99,4
 Asus ROG Strix Aura Edition  ,ATX, Rating80+ Gold,750,Full,0, 0,164.99,3
 EVGA SuperNOVA G FTW  ,ATX, Rating80+ Gold,1000,Full,0, 0,154.99,3
 Antec NE1000G M White ATX 3.0  ,ATX, Rating80+ Gold,1000,Full,0, 0,204.61,3
 SeaSonic PRIME PX  ,ATX, Rating80+ Platinum,750,Full,4, 2,189.99,4
 Cooler Master XG750 Plus  ,ATX, Rating80+ Platinum,750,Full,0, 0,127.27,4
 Corsair TX650  ,ATX, Rating80+,650,No,5, 13,262.49,0
 Enermax MAXREVO SLI  ,ATX, Rating80+ Gold,1350,Full,0, 0,149.94,3
 Corsair GS800  ,ATX, Rating80+ Bronze,800,No,5, 7,199.0,1
 FSP Group Dagger Pro  ,SFX, Rating80+ Gold,850,Full,4, 1,179.99,3
 Corsair CS750M  ,ATX, Rating80+ Gold,750,Semi,5, 30,216.99,3
 EVGA SuperNOVA 1300 P+  ,ATX, Rating80+ Platinum,1300,Full,0, 0,499.99,4
 SeaSonic SSP-300SUG  ,Flex ATX, Rating80+ Gold,300,No,5, 1,93.64,3
 be quiet! Dark Power 12  ,ATX, Rating80+ Titanium,750,Full,5, 3,289.14,5
 Cooler Master V650  ,ATX, Rating80+ Gold,650,Full,5, 9,138.65,3
 Gigabyte UD1000GM PG5  ,ATX, Rating80+ Gold,1000,Full,0, 0,227.47,3
 EVGA SuperNOVA 850 G+  ,ATX, Rating80+ Gold,850,Full,5, 13,229.95,3
 Thermaltake Toughpower Grand RGB  ,ATX, Rating80+ Gold,650,Full,4, 13,112.99,3
 Silverstone Strider  ,ATX, Rating80+ Gold,550,Full,5, 11,85.0,3
 Thermaltake Smart Pro RGB  ,ATX, Rating80+ Bronze,750,Full,5, 12,199.99,1
 Gigabyte UD-GM PG5  ,ATX, Rating80+ Gold,750,Full,0, 0,155.38,3
 Thermaltake TR2 S  ,ATX, Rating80+,700,No,0, 0,190.83,0
 SeaSonic PRIME  ,ATX, Rating80+ Gold,850,Full,5, 2,195.98,3
 Cougar GEX  ,ATX, Rating80+ Gold,850,Full,0, 0,111.99,3
 Enermax Revolution D.F.  ,ATX, Rating80+ Gold,750,Full,5, 3,109.99,3
 NOX Hummer  ,ATX, Rating80+ Bronze,650,Semi,0, 0,84.32,1
 SeaSonic S12III  ,ATX, Rating80+ Bronze,550,No,5, 6,129.0,1
 NZXT C ,ATX, Rating80+ Gold,750,Full,5, 18,109.98,3
 EVGA SuperNOVA 650 P2  ,ATX, Rating80+ Platinum,650,Full,5, 33,219.99,4
 Antec NeoECO Gold  ,ATX, Rating80+ Gold,750,Full,0, 0,143.63,3
 Silverstone Strider Platinum S  ,ATX, Rating80+ Platinum,1200,Full,5, 1,269.45,4
 Corsair AX850  ,ATX, Rating80+ Gold,850,Full,5, 26,319.99,3
 Thermaltake TR2  ,ATX, Rating,600,No,4, 35,62.78,0
 Logisys PS550E12BK  ,ATX, Rating,550,No,4, 2,39.99,0
 SeaSonic G  ,ATX, Rating80+ Gold,450,Semi,5, 8,140.66,3
 Silverstone Essential  ,ATX, Rating80+ Bronze,550,No,3, 1,61.74,1
 Corsair RM650x  ,ATX, Rating80+ Gold,650,Full,5, 78,203.4,3
 Silverstone SFX  ,SFX, Rating80+ Platinum,700,Full,5, 7,169.99,4
 NZXT C ,ATX, Rating80+ Gold,850,Full,5, 28,149.98,3
 Antec Signature Platinum  ,ATX, Rating80+ Platinum,1300,Full,0, 0,284.99,4
 Azza PSAZ-750W  ,ATX, Rating80+ Bronze,750,No,0, 0,74.98,1
 Silverstone DA850R-GMA  ,ATX, Rating80+ Gold,850,Full,0, 0,266.64,3
 FSP Group Dagger Pro  ,SFX, Rating80+ Gold,750,Full,4, 1,149.99,3
 SeaSonic S12II  ,ATX, Rating80+ Bronze,520,No,5, 29,247.77,1
 Deepcool DQ-M-V2L  ,ATX, Rating80+ Gold,850,Full,0, 0,199.07,3
 Fractal Design Ion+ 2 Platinum  ,ATX, Rating80+ Platinum,560,Full,0, 0,236.47,4
 SeaSonic PRIME  ,ATX, Rating80+ Gold,1000,Full,5, 2,316.28,3
 SeaSonic VERTEX GX-750  ,ATX, Rating80+ Gold,750,Full,0, 0,169.99,3
 Thermaltake Toughpower Grand RGB Platinum  ,ATX, Rating80+ Platinum,1200,Full,0, 0,269.99,4
 Rosewill SMG1050  ,ATX, Rating80+ Gold,1050,Full,0, 0,109.99,3
 EVGA SuperNOVA 650 G7  ,ATX, Rating80+ Gold,650,Full,0, 0,99.99,3
 ADATA XPG CYBERCORE  ,ATX, Rating80+ Platinum,1300,Full,0, 0,209.99,4
 Chieftec ATMOS  ,ATX, Rating80+ Gold,750,Full,0, 0,163.59,3
 Silverstone DA850R-GMA  ,ATX, Rating80+ Gold,850,Full,0, 0,251.53,3
 Corsair HX750  ,ATX, Rating80+ Gold,750,Semi,5, 77,273.99,3
 SeaSonic FOCUS Gold  ,ATX, Rating80+ Gold,650,Semi,5, 14,139.34,3
 Deepcool PX1300P  ,ATX, Rating80+ Platinum,1300,Full,0, 0,299.99,4
 FSP Group FSP300-60LG  ,Mini ITX, Rating80+ Bronze,300,No,0, 0,148.02,1
 Super Flower Leadex III ARGB  ,ATX, Rating80+ Gold,850,Full,5, 2,169.99,3
 Silverstone Strider Platinum  ,ATX, Rating80+ Platinum,850,Full,0, 0,159.99,4
 ADATA XPG Core Reactor II  ,ATX, Rating80+ Gold,750,Full,0, 0,99.99,3
 Thermaltake Toughpower PF3-L  ,ATX, Rating80+ Platinum,1050,Full,0, 0,179.99,4
 Antec NE1300G M ATX3.0  ,ATX, Rating80+ Gold,1300,Full,0, 0,199.99,3
" FSP Group Hydro PTM X PRO,Gen5  ",ATX, Rating80+ Platinum,1200,Full,0, 0,254.99,4
 Silverstone TX300  ,TFX, Rating80+ Bronze,300,No,0, 0,81.92,1
 Super Flower Leadex V Platinum Pro  ,ATX, Rating80+ Platinum,850,Full,5, 7,189.99,4
" FSP Group Hydro PTM PRO,Gen5  ",ATX, Rating80+ Platinum,1200,Full,0, 0,265.99,4
 Silverstone Essential  ,ATX, Rating80+ Gold,750,Semi,4, 1,109.99,3
 Enermax Revolution D.F. X  ,ATX, Rating80+ Gold,1200,Full,0, 0,169.99,3
 SeaSonic PRIME PX  ,ATX, Rating80+ Platinum,850,Full,4, 1,309.39,4
 FSP Group Hydro PTM PRO  ,ATX, Rating80+ Platinum,750,Full,0, 0,149.99,4
 ADATA XPG Core Reactor II  ,ATX, Rating80+ Gold,650,Full,0, 0,89.99,3
 Fractal Design Ion Gold  ,ATX, Rating80+ Gold,650,Full,0, 0,163.02,3
 Corsair HX1000  ,ATX, Rating80+,1000,Semi,5, 5,479.99,0
 Super Flower Leadex Platinum  ,ATX, Rating80+ Platinum,1600,Full,0, 0,279.99,4
 Silverstone Strider Titanium  ,ATX, Rating80+ Titanium,1100,Full,0, 0,338.99,5
 be quiet! Straight Power 11 450W  ,ATX, Rating80+ Gold,450,Full,5, 2,259.0,3
 Deepcool PQ650M  ,ATX, Rating80+ Gold,650,Full,0, 0,127.98,3
 Antec EARTHWATTS GOLD PRO 750  ,ATX, Rating80+ Gold,750,Semi,5, 12,149.99,3
 Corsair HX650  ,ATX, Rating80+ Gold,650,Semi,4, 20,316.95,3
 Thermaltake Toughpower GF2 ARGB  ,ATX, Rating80+ Gold,750,Full,0, 0,142.99,3
 Thermaltake Smart SE  ,ATX, Rating,630,Semi,5, 4,174.0,0
 Deepcool PX1000P  ,ATX, Rating80+ Platinum,1000,Full,0, 0,229.99,4
 Silverstone Strider Platinum  ,ATX, Rating80+ Platinum,650,Full,0, 0,128.27,4
 SeaSonic VERTEX PX-750  ,ATX, Rating80+ Platinum,750,Full,0, 0,199.99,4
 be quiet! Pure Power 11 FM 850  ,ATX, Rating80+ Gold,850,Full,5, 1,299.89,3
 Cougar BXM750  ,ATX, Rating80+ Bronze,750,Semi,0, 0,93.98,1
 PC Power & Cooling PM0600  ,ATX, Rating80+ Bronze,600,Semi,0, 0,118.09,1
 Thermaltake Toughpower PF3-L  ,ATX, Rating80+ Platinum,850,Full,0, 0,172.82,4
 FSP Group Hydro GE  ,ATX, Rating80+ Gold,650,Full,4, 1,89.99,3
 CoolMax V-500  ,ATX, Rating,500,No,3, 1,33.47,0
 Sparkle FSP300-60ATV  ,ATX, Rating,300,No,0, 0,59.99,0
 Antec High Current Gamer  ,ATX, Rating80+ Bronze,620,Semi,5, 30,155.31,1
 Xilence XP1050MR9  ,ATX, Rating80+ Gold,1050,Full,0, 0,223.09,3
 ADATA XPG CYBERCORE  ,ATX, Rating80+ Platinum,1000,Full,0, 0,189.99,4
 KOLINK Regulator  ,ATX, Rating80+ Gold,1000,Full,0, 0,149.99,3
 Gigabyte UD-GM PG5  ,ATX, Rating80+ Gold,850,Full,0, 0,167.56,3
 Asus TUF Gaming 1200G  ,ATX, Rating80+ Gold,1200,Full,0, 0,209.99,3
 Silverstone Strider  ,ATX, Rating80+ Bronze,700,Full,0, 0,99.99,1
 Corsair VS500  ,ATX, Rating80+,500,No,4, 9,234.54,0
 Chieftec ATMOS  ,ATX, Rating80+ Gold,850,Full,0, 0,184.78,3
 Super Flower LEADEX VII Platinum PRO  ,ATX, Rating80+ Platinum,1000,Full,0, 0,229.99,4
 Super Flower LEADEX VII Platinum PRO  ,ATX, Rating80+ Platinum,1200,Full,0, 0,269.99,4
 Silverstone Strider  ,ATX, Rating80+ Silver,1500,No,5, 1,327.58,2
 Silverstone Essential  ,ATX, Rating80+ Gold,750,No,0, 0,98.99,3
 ADATA XPG Core Reactor II  ,ATX, Rating80+ Gold,1200,Full,0, 0,155.67,3
 EVGA SuperNOVA 1000 P5  ,ATX, Rating80+ Platinum,1000,Full,0, 0,209.99,4
 Cooler Master V1200  ,ATX, Rating80+ Platinum,1200,Full,4, 1,306.89,4
 FSP Group Hydro PTM PRO  ,ATX, Rating80+ Platinum,1000,Full,0, 0,189.99,4
 Cougar POLAR  ,ATX, Rating80+ Platinum,1050,Full,0, 0,172.48,4
 Cougar GEX  ,ATX, Rating80+ Gold,1050,Full,0, 0,209.4,3
 Enermax Revolution D.F. X  ,ATX, Rating80+ Gold,1050,Full,0, 0,149.99,3
 Xilence XP550R9  ,ATX, Rating80+ Gold,550,No,0, 0,134.0,3
 Silverstone Essential  ,ATX, Rating80+ Gold,550,Semi,0, 0,89.98,3
 SeaSonic SSP-300TBS  ,TFX, Rating80+ Bronze,300,No,0, 0,89.99,1
 SeaSonic PRIME  ,ATX, Rating80+ Gold,750,Full,5, 2,232.59,3
 EVGA 700 B1  ,ATX, Rating80+ Bronze,700,No,4, 10,217.49,1
 Enermax Platimax D.F.  ,ATX, Rating80+ Platinum,1050,Full,0, 0,149.99,4
 KOLINK Regulator  ,ATX, Rating80+ Gold,1200,Full,0, 0,169.99,3
 SeaSonic PRIME Ultra Gold 1000  ,ATX, Rating80+ Gold,1000,Full,5, 1,379.99,3
 Thermaltake Toughpower GF1 - TT Premium  ,ATX, Rating80+ Gold,1200,Full,0, 0,210.06,3
 Silverstone ST75F-GS-V3  ,ATX, Rating80+ Gold,750,Full,0, 0,112.28,3
 Thermaltake Toughpower PF1 - TT Premium Edition  ,ATX, Rating80+ Platinum,650,Full,5, 1,197.49,4
 SeaSonic PRIME Ultra Platinum 750  ,ATX, Rating80+ Platinum,750,Full,0, 0,189.99,4
 Super Flower Leadex V Pro  ,ATX, Rating80+ Gold,1000,Full,0, 0,249.99,3
 be quiet! TFX Power 3 300  ,TFX, Rating80+ Gold,300,No,0, 0,127.49,3
 Silverstone Strider Platinum  ,ATX, Rating80+ Platinum,750,Full,0, 0,144.37,4
 Cooler Master V1300 Platinum  ,ATX, Rating80+ Platinum,1300,Full,0, 0,399.9,4
 Thermaltake Smart SE  ,ATX, Rating,530,Semi,0, 0,146.0,0
 Thermaltake Smart BX1 RGB 650  ,ATX, Rating80+ Bronze,650,No,0, 0,136.94,1
 Thermaltake Toughpower GF2 ARGB  ,ATX, Rating80+ Gold,650,Full,0, 0,130.99,3
 FSP Group Hydro PTM PRO  ,ATX, Rating80+ Platinum,850,Full,0, 0,179.99,4
 Cougar COUGAR-GX1050  ,ATX, Rating80+ Gold,1050,Semi,4, 1,164.99,3
 Athena Power AP-MFATX40P8  ,Flex ATX, Rating80+ Bronze,400,No,0, 0,118.2,1
 Phanteks Revolt Pro  ,ATX, Rating80+ Gold,850,Full,5, 4,380.0,3
 Silverstone Essential  ,ATX, Rating80+ Gold,650,No,5, 1,119.99,3
 Rosewill VALENS-600  ,ATX, Rating80+ Gold,600,No,5, 2,140.0,3
 Sparkle ATX-350PN-B204  ,ATX, Rating,350,No,0, 0,57.99,0
 Super Flower LEADEX VII Platinum PRO  ,ATX, Rating80+ Platinum,850,Full,0, 0,199.99,4
 FSP Group FSP500-50FSPT  ,Flex ATX, Rating80+ Platinum,500,No,0, 0,198.99,4
 Fractal Design Anode Bronze  ,ATX, Rating80+ Bronze,750,Semi,0, 0,142.19,1
 Corsair AX650  ,ATX, Rating80+ Gold,650,Full,5, 2,250.0,3
 Antec Earthwatts Green  ,ATX, Rating80+,500,No,3, 1,108.11,0
 Super Flower Leadex V Pro  ,ATX, Rating80+ Gold,1000,Full,0, 0,189.99,3
 EVGA SuperNOVA G FTW  ,ATX, Rating80+ Gold,850,Full,0, 0,154.99,3
 SeaSonic SS-300TFX Bronze  ,TFX, Rating80+ Bronze,300,No,5, 1,62.92,1
 SeaSonic PRIME Ultra Gold 750  ,ATX, Rating80+ Gold,750,Full,5, 3,169.99,3
 Athena Power Apollo  ,SFX, Rating,300,No,0, 0,49.99,0
 Corsair VS400  ,ATX, Rating80+,400,No,5, 1,369.0,0
 PC Power & Cooling Silencer  ,ATX, Rating80+ Platinum,1050,Full,5, 1,210.62,4
 Antec Basiq  ,ATX, Rating,350,No,3, 6,88.34,0
 Super Flower Leadex III ARGB Pro  ,ATX, Rating80+ Gold,750,Full,5, 2,189.0,3
 PC Power & Cooling Silencer  ,ATX, Rating80+ Platinum,1200,Full,0, 0,315.5,4
 In Win P130II  ,ATX, Rating80+ Platinum,1300,Full,0, 0,249.95,4
 Silverstone ST85F-GS-V2  ,ATX, Rating80+ Gold,850,Full,0, 0,129.99,3
 In Win PB  ,ATX, Rating80+ Gold,750,Full,2, 1,150.0,3
 EVGA SuperNOVA 850 GA  ,ATX, Rating80+ Gold,850,Full,0, 0,350.0,3
 Thermaltake TOUGHPOWER PF1 ARGB  ,ATX, Rating80+ Platinum,850,Full,0, 0,299.99,4
 SeaSonic SS-300ES Bronze  ,ATX, Rating80+ Bronze,300,No,5, 1,104.44,1
 Antec Signature Platinum  ,ATX, Rating80+ Platinum,1000,Full,0, 0,237.37,4
 Corsair TX750 V2  ,ATX, Rating80+ Bronze,750,No,5, 27,340.0,1
 In Win P75  ,ATX, Rating80+ Gold,750,Full,5, 2,129.97,3
 EVGA SuperNOVA 750 PQ  ,ATX, Rating80+ Platinum,750,Semi,5, 2,218.49,4
 Super Flower Leadex V Platinum Pro  ,ATX, Rating80+ Platinum,1000,Full,0, 0,209.99,4
 In Win P65  ,ATX, Rating80+ Gold,650,Full,0, 0,124.0,3
 In Win P85  ,ATX, Rating80+ Gold,850,Full,0, 0,144.18,3
 In Win P105II  ,ATX, Rating80+ Platinum,1050,Full,0, 0,185.91,4
 Thermaltake Toughpower iRGB PLUS 750  ,ATX, Rating80+ Gold,750,Full,3, 1,219.99,3
 Enermax MaxTytan  ,ATX, Rating80+ Titanium,1050,Full,0, 0,299.99,5
 Super Flower Leadex VI Platinum PRO  ,ATX, Rating80+ Platinum,1000,Full,0, 0,156.98,4
 SHARKOON SilentStorm  ,SFX, Rating80+ Bronze,450,No,0, 0,97.59,1
 Thermaltake Toughpower iRGB PLUS 850  ,ATX, Rating80+ Gold,850,Full,0, 0,285.0,3
 Thermaltake Smart  ,ATX, Rating80+ Bronze,750,Semi,4, 6,196.8,1
 SeaSonic PRIME Ultra Gold 850  ,ATX, Rating80+ Gold,850,Full,0, 0,195.98,3
 RAIJINTEK CRATOS  ,ATX, Rating80+ Gold,850,Full,0, 0,96.9,3
 Athena Power AP-MFATX50P8  ,Flex ATX, Rating80+ Silver,500,No,3, 1,179.99,2
 Antec Earthwatts Green  ,ATX, Rating80+ Bronze,430,No,4, 2,104.64,1
 Fractal Design Anode Bronze  ,ATX, Rating80+ Bronze,550,Semi,0, 0,148.69,1
 Super Flower Leadex Gold  ,ATX, Rating80+ Gold,1300,Full,5, 1,299.99,3
 Super Flower Leadex VI Platinum PRO  ,ATX, Rating80+ Platinum,850,Full,3, 1,149.99,4
 SeaSonic PRIME Titanium  ,ATX, Rating80+ Titanium,1000,Full,4, 1,599.0,5
 BitFenix BFG GOLD ATX3.0  ,ATX, Rating80+ Gold,850,Full,0, 0,109.9,3
 Thermaltake Toughpower PF1 - TT Premium Edition  ,ATX, Rating80+ Platinum,1050,Full,0, 0,318.1,4
 SeaSonic PRIME Ultra Platinum 850  ,ATX, Rating80+ Platinum,850,Full,0, 0,359.99,4
 Rosewill Green  ,ATX, Rating80+,430,No,0, 0,80.0,0
 Rosewill Green  ,ATX, Rating80+,530,No,4, 7,170.0,0
 Corsair HX1200i  ,ATX, Rating80+ Platinum,1200,Full,0, 0,319.99,4
 Rosewill Capstone  ,ATX, Rating80+ Gold,750,No,5, 7,269.0,3
 Enermax MarbleBron  ,ATX, Rating80+ Bronze,650,Semi,0, 0,82.94,1
 Rosewill CS-850M  ,ATX, Rating80+ Gold,850,Full,0, 0,119.66,3
 SeaSonic SS-400ET Bronze  ,ATX, Rating80+ Bronze,400,No,4, 1,98.0,1
 In Win IP-S300FF1-0  ,TFX, Rating80+,300,No,0, 0,62.5,0
 FSP Group Hydro GE  ,ATX, Rating80+ Gold,650,Full,0, 0,109.99,3
 Rosewill CMG850  ,ATX, Rating80+ Gold,850,Full,0, 0,208.88,3
 Cooler Master MWE Gold V2 ATX3.0  ,ATX, Rating80+ Gold,1250,Full,0, 0,129.99,3
 Antec True Power  ,ATX, Rating80+ Bronze,850,Full,5, 1,230.81,1
 Rosewill PMG750  ,ATX, Rating80+ Gold,750,Full,0, 0,120.0,3
 SeaSonic SS-850HT Silver  ,ATX, Rating80+ Silver,850,No,0, 0,169.0,2
 Super Flower Leadex III ARGB Pro  ,ATX, Rating80+ Gold,650,Full,0, 0,189.99,3
 FSP Group FSP300-60LG-5K  ,Flex ATX, Rating80+ Bronze,300,No,0, 0,153.74,1
 Corsair TX750 V2  ,ATX, Rating80+ Bronze,750,No,4, 7,340.0,1
 Antec Earthwatts  ,ATX, Rating80+ Bronze,500,No,5, 2,124.98,1
 Cooler Master MWE Gold V2 ATX3.0  ,ATX, Rating80+ Gold,1050,Full,0, 0,168.99,3
 Apex AL-A400ATX  ,ATX, Rating,400,No,0, 0,94.41,0
 YEYIAN Raiden RGB  ,ATX, Rating80+ Bronze,650,No,0, 0,69.98,1
 Sparkle ATX-300PA  ,ATX, Rating,300,No,0, 0,187.99,0
 SeaSonic Platinum  ,ATX, Rating80+ Bronze,600,No,0, 0,128.01,1
 Super Flower Leadex V Pro  ,ATX, Rating80+ Gold,850,Full,0, 0,210.62,3
 iStarUSA TC-1200PD8G  ,ATX, Rating,1200,Full,0, 0,308.99,0
 SeaSonic SS-600ES  ,ATX, Rating80+ Bronze,600,No,3, 1,101.98,1
